date,lat,lon,sog,cog,class,H3
2021-07-27 08:15:51,33.470768,126.328606,3.5,254.0,6.0,8a30d1cb1a37fff
2021-07-27 08:30:23,33.471481,126.324036,0.0,175.0,6.0,8a30d1cb1847fff
2021-07-27 08:41:22,33.471481,126.324036,0.0,156.0,6.0,8a30d1cb1847fff
2021-07-27 14:16:14,33.471519,126.324059,0.0,348.0,6.0,8a30d1cb1847fff
2021-07-27 14:49:14,33.471554,126.324043,0.0,21.0,6.0,8a30d1cb1847fff
2021-07-27 16:52:14,33.471508,126.324043,0.0,187.0,6.0,8a30d1cb1847fff
2021-07-27 20:16:14,33.471447,126.324036,0.0,195.0,6.0,8a30d1cb1847fff
2021-07-27 20:37:14,33.471481,126.324051,0.0,58.0,6.0,8a30d1cb1847fff
2021-07-27 21:25:14,33.471527,126.324036,0.1,160.0,6.0,8a30d1cb1847fff
2021-07-28 00:10:15,33.471508,126.324074,0.0,330.0,6.0,8a30d1cb1847fff
2021-07-28 00:28:14,33.471481,126.32402,0.0,184.0,6.0,8a30d1cb1847fff
2021-07-28 01:52:21,33.471523,126.32402,0.0,4.0,6.0,8a30d1cb1847fff
2021-07-28 02:31:20,33.471535,126.324081,0.0,214.0,6.0,8a30d1cb1847fff
2021-07-28 04:04:20,33.471497,126.324043,0.0,347.0,6.0,8a30d1cb1847fff
2021-07-28 04:19:20,33.471523,126.324036,0.0,311.0,6.0,8a30d1cb1847fff
2021-07-28 07:51:01,33.471546,126.324081,0.1,172.0,6.0,8a30d1cb1847fff
2021-07-28 08:04:10,33.478207,126.333221,6.3,357.9,6.0,8a30d1ca2707fff
2021-07-28 08:05:30,33.480621,126.333244,6.2,6.1,6.0,8a30d1ca20f7fff
2021-07-28 08:06:32,33.482365,126.333549,6.2,8.6,6.0,8a30d1ca200ffff
2021-07-28 08:08:12,33.485252,126.334053,6.1,9.8,6.0,8a30d1ca214ffff
2021-07-28 08:11:50,33.491234,126.336128,6.2,9.6,6.0,8a30d1ca2b2ffff
2021-07-28 08:19:10,33.504837,126.338974,7.0,8.7,6.0,8a30d1ca08c7fff
2021-07-28 08:23:20,33.51218,126.342056,6.6,26.8,6.0,8a30d1ca5407fff
2021-07-28 08:30:09,33.523407,126.349243,6.5,33.7,6.0,8a30d1ca5bb7fff
2021-07-28 08:33:52,33.528969,126.353966,6.6,37.1,6.0,8a30d1c164effff
2021-07-28 08:35:30,33.53141,126.356163,6.7,36.7,6.0,8a30d1c16737fff
2021-07-28 08:36:32,33.532959,126.357491,6.7,35.2,6.0,8a30d1c160d7fff
2021-07-28 08:41:10,33.54015,126.363663,6.8,36.2,6.0,8a30d1c16ae7fff
2021-07-28 08:45:49,33.547436,126.369728,6.8,34.4,6.0,8a30d1c1460ffff
2021-07-28 08:52:31,33.553886,126.382812,7.4,63.9,6.0,8a30d1c15427fff
2021-07-28 09:04:11,33.565098,126.412056,8.6,66.6,6.0,8a30d1c02027fff
2021-07-28 09:08:30,33.569675,126.423309,8.5,56.7,6.0,8a30d1c03da7fff
2021-07-28 09:10:59,33.572758,126.429306,8.6,58.9,6.0,8a30d1c03d6ffff
2021-07-28 09:19:40,33.583359,126.450417,8.5,60.0,6.0,8a30d1c0174ffff
2021-07-28 09:24:11,33.588608,126.46125,8.4,60.0,6.0,8a30d1c0c52ffff
2021-07-28 09:29:42,33.594986,126.474663,8.3,62.0,6.0,8a30d1c0ca8ffff
2021-07-28 09:49:50,33.619595,126.523376,8.7,56.8,6.0,8a30d1c70037fff
2021-07-28 10:04:11,33.637253,126.558929,8.5,58.9,6.0,8a30d1c62627fff
2021-07-28 10:08:11,33.642059,126.568649,8.4,60.7,6.0,8a30d1c62257fff
2021-07-28 10:11:11,33.645653,126.575996,8.5,60.0,6.0,8a30d1c63567fff
2021-07-28 10:29:31,33.654804,126.6241,8.0,85.2,6.0,8a30d1c68547fff
2021-07-28 10:40:02,33.656288,126.652298,8.1,87.0,6.0,8a30d1c69787fff
2021-07-28 10:43:01,33.656666,126.660324,8.0,88.0,6.0,8a30d11369b7fff
2021-07-28 10:54:41,33.657322,126.691856,8.0,85.0,6.0,8a30d113010ffff
2021-07-28 10:56:42,33.657345,126.697166,7.9,90.0,6.0,8a30d113006ffff
2021-07-28 11:02:42,33.657955,126.712791,7.7,88.0,6.0,8a30d113154ffff
2021-07-28 11:08:11,33.658573,126.726898,7.7,85.0,6.0,8a30d11312d7fff
2021-07-28 11:16:01,33.659714,126.747055,7.7,83.0,6.0,8a30d110465ffff
2021-07-28 11:21:11,33.660275,126.760437,7.7,85.0,6.0,8a30d1100b1ffff
2021-07-28 11:33:05,33.661865,126.790817,7.7,90.0,6.0,8a30d110136ffff
2021-07-28 11:38:42,33.663136,126.805092,7.6,83.0,6.0,8a30d110c01ffff
2021-07-28 11:41:11,33.663673,126.811417,7.6,80.0,6.0,8a30d110c237fff
2021-07-28 11:45:30,33.664776,126.822357,7.6,82.0,6.0,8a30d110d557fff
2021-07-28 11:55:52,33.667152,126.848129,7.2,86.0,6.0,8a30d11724e7fff
2021-07-28 11:56:12,33.667198,126.848892,7.2,86.0,6.0,8a30d11724effff
2021-07-28 12:06:52,33.668633,126.875397,7.5,87.0,6.0,8a30d1154b5ffff
2021-07-28 12:17:51,33.669666,126.903137,7.5,88.0,6.0,8a30d115536ffff
2021-07-28 12:23:41,33.670059,126.918076,7.7,88.0,6.0,8a30d11420c7fff
2021-07-28 12:30:11,33.670284,126.935005,8.0,90.0,6.0,8a30d114341ffff
2021-07-28 12:36:11,33.670368,126.95118,8.1,90.0,6.0,8a30d115d837fff
2021-07-28 12:38:20,33.670372,126.957062,8.1,91.0,6.0,8a30d115dba7fff
2021-07-28 12:43:11,33.670212,126.970253,8.3,92.0,6.0,8a30d114ac27fff
2021-07-28 12:46:42,33.670101,126.979958,8.3,91.0,6.0,8a30d114a02ffff
2021-07-28 12:47:22,33.670078,126.981865,8.3,91.0,6.0,8a30d114a077fff
2021-07-28 12:52:52,33.670071,126.997246,8.3,89.0,6.0,8a30d114b50ffff
2021-07-28 12:53:12,33.67012,126.998238,8.5,88.0,6.0,8a30d114b557fff
2021-07-28 12:58:52,33.670399,127.01413,8.2,89.0,6.0,8a30d106592ffff
2021-07-28 13:04:41,33.670906,127.030289,8.1,89.0,6.0,8a30d1a96687fff
2021-07-28 13:15:43,33.671413,127.060562,8.1,88.0,6.0,8a30d1a93ce7fff
2021-07-28 13:20:27,33.671449499999994,127.073616,8.2,87.5,6.0,8a30d1a933affff
2021-07-28 13:24:02,33.671494,127.08345,8.2,89.0,6.0,8a30d1a9e5affff
2021-07-28 13:28:33,33.67144,127.095863,8.2,91.0,6.0,8a30d1a9e62ffff
2021-07-28 13:42:13,33.670982,127.133797,8.5,89.0,6.0,8a30d1a9b067fff
2021-07-28 13:48:22,33.670517,127.15123,8.4,92.0,6.0,8a30d132655ffff
2021-07-28 13:56:40,33.670399,127.174576,8.5,78.0,6.0,8a30d1322b27fff
2021-07-28 13:57:31,33.670811,127.17691,8.5,79.0,6.0,8a30d13204dffff
2021-07-28 14:01:52,33.67284,127.18911,8.8,77.0,6.0,8a30d13239affff
2021-07-28 14:04:21,33.674061,127.196167,8.8,77.0,6.0,8a30d132384ffff
2021-07-28 14:15:53,33.679558,127.229019,8.8,78.0,6.0,8a30d132ea6ffff
2021-07-28 14:20:41,33.681797,127.242828,8.7,79.0,6.0,8a30d13288effff
2021-07-28 14:24:31,33.68362,127.253799,8.8,78.0,6.0,8a30d1328a4ffff
2021-07-28 14:42:41,33.692417,127.307068,9.2,77.0,6.0,8a30d1375c07fff
2021-07-28 14:52:19,33.697163,127.335869,9.2,80.0,6.0,8a30d13621a7fff
2021-07-28 14:54:41,33.698353,127.342873,9.2,80.0,6.0,8a30d1362067fff
2021-07-28 15:02:12,33.702065,127.365372,9.2,77.0,6.0,8a30d136300ffff
2021-07-28 15:20:29,33.711342,127.420555,8.7,79.3,6.0,8a30d1368217fff
2021-07-28 15:28:21,33.714802,127.441879,8.0,80.0,6.0,8a30d136939ffff
2021-07-28 15:35:42,33.718109,127.461464,8.2,79.0,6.0,8a30dccb4707fff
2021-07-28 15:37:32,33.718819,127.466347,8.2,78.0,6.0,8a30dccb474ffff
2021-07-28 15:40:02,33.719837,127.473076,8.2,80.0,6.0,8a30dccb42cffff
2021-07-28 15:43:22,33.721172,127.482124,8.3,80.0,6.0,8a30dccb545ffff
2021-07-28 15:55:10,33.725643,127.514542,8.4,80.0,6.0,8a30dcca2657fff
2021-07-28 16:23:20,33.747086,127.587921,8.4,66.7,6.0,8a30dcca83affff
2021-07-28 16:25:30,33.748974,127.59362,8.5,68.6,6.0,8a30dcca9c97fff
2021-07-28 16:31:20,33.754066,127.608879,8.4,67.5,6.0,8a30dcca9a97fff
2021-07-28 16:36:30,33.758839,127.622314,8.6,66.2,6.0,8a30dccf4c67fff
2021-07-28 16:40:20,33.762436,127.632286,8.4,65.0,6.0,8a30dccf4baffff
2021-07-28 16:46:50,33.768616,127.649124,8.6,67.0,6.0,8a30dccf5827fff
2021-07-28 16:50:20,33.77198,127.658211,8.3,66.4,6.0,8a30dcce64c7fff
2021-07-28 16:55:10,33.776661,127.670624,8.3,65.2,6.0,8a30dcce628ffff
2021-07-28 17:02:58,33.78426,127.690178,8.2,65.4,6.0,8a30dcce005ffff
2021-07-28 17:05:38,33.786819,127.696892,8.3,65.7,6.0,8a30dcce034ffff
2021-07-28 17:14:39,33.795345,127.71949,8.3,63.9,6.0,8a30dcce1a5ffff
2021-07-28 17:15:58,33.796593,127.722771,8.3,66.8,6.0,8a30dccecd07fff
2021-07-28 17:20:11,33.801018,127.732948,8.0,66.7,6.0,8a30dccec877fff
2021-07-28 17:26:09,33.80677,127.747849,8.2,64.9,6.0,8a30dcc53677fff
2021-07-28 17:46:19,33.825924,127.799019,8.2,67.6,6.0,8a30dcc58ac7fff
2021-07-28 17:50:48,33.829605,127.810432,8.2,68.8,6.0,8a30dcc5989ffff
2021-07-28 17:56:39,33.834221,127.82531,8.2,69.7,6.0,8a30dcc59a6ffff
2021-07-28 18:02:30,33.837734,127.840294,7.8,82.5,6.0,8a30dc1a4ba7fff
2021-07-28 18:08:22,33.840332,127.855347,7.9,78.0,6.0,8a30dc1a5d6ffff
2021-07-28 18:09:01,33.840652,127.857079,8.1,78.0,6.0,8a30dc1a58b7fff
2021-07-28 18:15:00,33.843468,127.872566,7.9,77.0,6.0,8a30dc1a5a47fff
2021-07-28 18:22:22,33.847038,127.891579,8.0,79.0,6.0,8a30dc112a37fff
2021-07-28 18:25:31,33.848499,127.899773,7.9,78.0,6.0,8a30dc113d07fff
2021-07-28 18:29:12,33.850193,127.909302,7.9,77.0,6.0,8a30dc1138d7fff
2021-07-28 18:32:22,33.851673,127.917389,7.8,80.0,6.0,8a30dc113a1ffff
2021-07-28 18:42:32,33.856213,127.943336,7.6,79.0,6.0,8a30dc11eae7fff
2021-07-28 18:44:20,33.856998,127.94783,7.5,79.0,6.0,8a30dc118daffff
2021-07-28 18:48:52,33.859058,127.959007,7.5,80.0,6.0,8a30dc11812ffff
2021-07-28 18:56:31,33.862679,127.977898,7.6,78.0,6.0,8a30dc119c47fff
2021-07-28 19:01:21,33.864986,127.989761,7.4,76.0,6.0,8a30dc119aaffff
2021-07-28 19:09:02,33.867535,128.008026,7.2,81.0,6.0,8a30dc024027fff
2021-07-28 19:10:52,33.868107,128.012497,7.2,82.0,6.0,8a30dc02406ffff
2021-07-28 19:16:21,33.869942,128.026016,7.4,80.0,6.0,8a30dc025cc7fff
2021-07-28 19:22:43,33.872047,128.041473,7.3,80.0,6.0,8a30dc025227fff
2021-07-28 19:28:52,33.874031,128.056488,7.2,82.0,6.0,8a30dc1520affff
2021-07-28 19:33:42,33.875538,128.068176,7.3,82.0,6.0,8a30dc152257fff
2021-07-28 19:34:43,33.875851,128.070648,7.2,81.0,6.0,8a30dc15224ffff
2021-07-28 20:07:00,33.886349,128.148697,7.3,76.8,6.0,8a30dc15bb27fff
2021-07-28 20:18:49,33.894543,128.176178,7.4,71.3,6.0,8a30dc06445ffff
2021-07-28 20:22:30,33.897243,128.18483,7.4,67.9,6.0,8a30dc0642b7fff
2021-07-28 20:30:49,33.903084,128.204651,7.5,68.9,6.0,8a30dc0650c7fff
2021-07-28 20:37:51,33.906757,128.22171,7.5,75.5,6.0,8a30dca92547fff
2021-07-28 20:42:21,33.909187,128.232819,7.5,75.2,6.0,8a30dca9238ffff
2021-07-28 20:46:00,33.911167,128.241867,7.5,76.3,6.0,8a30dca93507fff
2021-07-28 20:50:01,33.913322,128.25177,7.7,74.4,6.0,8a30dca930f7fff
2021-07-28 20:55:01,33.915997,128.264221,7.5,76.2,6.0,8a30dca9326ffff
2021-07-28 21:00:10,33.918663,128.276993,7.7,75.2,6.0,8a30dca9e0e7fff
2021-07-28 21:05:10,33.921169,128.289368,7.6,75.9,6.0,8a30dca98537fff
2021-07-28 21:10:40,33.923874,128.303101,7.6,77.1,6.0,8a30dca983b7fff
2021-07-28 21:15:09,33.926079,128.314285,7.6,76.1,6.0,8a30dca99527fff
2021-07-28 21:20:06,33.928555,128.326736,7.5,76.8,6.0,8a30dca990effff
2021-07-28 21:25:10,33.931015,128.339249,7.7,76.9,6.0,8a30dc324527fff
2021-07-28 21:30:10,33.933376,128.351898,7.9,76.9,6.0,8a30dc3243b7fff
2021-07-28 21:35:10,33.935825,128.364777,7.8,78.7,6.0,8a30dc32552ffff
2021-07-28 21:40:00,33.938126,128.377441,8.1,78.5,6.0,8a30dc325387fff
2021-07-28 21:45:09,33.941067,128.39064,7.8,65.0,6.0,8a30dcad2577fff
2021-07-28 21:50:30,33.946377,128.403427,8.1,63.6,6.0,8a30dcad232ffff
2021-07-28 21:55:10,33.951008,128.41478,8.1,63.7,6.0,8a30dcad3c6ffff
2021-07-28 22:00:13,33.955872,128.427048,8.2,65.5,6.0,8a30dcad3b5ffff
2021-07-28 22:05:10,33.960789,128.439331,8.2,64.8,6.0,8a30dcade91ffff
2021-07-28 22:11:11,33.966549,128.453842,8.0,62.8,6.0,8a30dcadc707fff
2021-07-28 22:15:10,33.970379,128.463303,7.9,64.2,6.0,8a30dcadc20ffff
2021-07-28 22:20:20,33.976261,128.474716,7.9,53.6,6.0,8a30dcadd1affff
2021-07-28 22:25:00,33.982197,128.484589,7.8,53.3,6.0,8a30dcadda77fff
2021-07-28 22:30:10,33.9888,128.495407,7.8,54.6,6.0,8a30dcaca907fff
2021-07-28 22:35:10,33.995209,128.505829,7.8,54.1,6.0,8a30dcac8547fff
2021-07-28 22:40:10,34.001625,128.516266,7.7,52.9,6.0,8a30dcac8a8ffff
2021-07-28 22:45:19,34.00827,128.527084,7.8,52.8,6.0,8a30dcac9987fff
2021-07-28 22:50:00,34.014282,128.536865,7.7,53.1,6.0,8a30dddb241ffff
2021-07-28 22:55:01,34.020008,128.547745,7.5,61.6,6.0,8a30dddb23a7fff
2021-07-28 23:00:01,34.023983,128.559448,7.7,72.6,6.0,8a30dddb3cc7fff
2021-07-28 23:05:00,34.027351,128.571884,7.8,71.2,6.0,8a30dddb3a9ffff
2021-07-28 23:10:10,34.030758,128.584839,7.7,71.5,6.0,8a30ddd86c57fff
2021-07-28 23:15:11,34.034138,128.597412,7.8,72.4,6.0,8a30ddd86af7fff
2021-07-28 23:20:10,34.037376,128.609909,7.8,73.6,6.0,8a30ddd80897fff
2021-07-28 23:25:10,34.040668,128.622498,7.8,73.0,6.0,8a30ddd80a0ffff
2021-07-28 23:30:09,34.043949,128.635025,7.8,72.1,6.0,8a30ddd818a7fff
2021-07-28 23:35:09,34.047302,128.647552,7.7,70.6,6.0,8a30ddd81b5ffff
2021-07-28 23:36:30,34.048183,128.650894,7.7,72.2,6.0,8a30dddaa69ffff
2021-07-28 23:37:47,34.048878,128.653381,7.7,72.2,6.0,8a30dddaa6d7fff
2021-07-28 23:38:34,34.049541,128.655853,7.7,71.6,6.0,8a30ddd8c997fff
2021-07-28 23:40:00,34.050579,128.659546,7.6,67.1,6.0,8a30ddd8c837fff
2021-07-28 23:45:09,34.057774,128.669388,7.8,36.0,6.0,8a30dddab467fff
2021-07-28 23:50:10,34.066669,128.677277,8.0,37.7,6.0,8a30dddaba17fff
2021-07-28 23:55:00,34.075291,128.684967,8.0,37.1,6.0,8a30ddda9757fff
2021-07-29 00:00:10,34.084534,128.693329,8.0,36.8,6.0,8a30ddc34daffff
2021-07-29 00:05:10,34.09341,128.701431,8.0,35.8,6.0,8a30ddc34977fff
2021-07-29 00:10:00,34.102104,128.708939,7.9,35.0,6.0,8a30ddd1bc5ffff
2021-07-29 00:15:00,34.111034,128.71666,7.8,35.5,6.0,8a30ddd1948ffff
2021-07-29 00:20:10,34.12022,128.724655,7.8,36.3,6.0,8a30ddd19077fff
2021-07-29 00:25:00,34.128887,128.732086,7.9,36.8,6.0,8a30ddd0a6a7fff
2021-07-29 00:30:00,34.137947,128.739914,8.0,37.2,6.0,8a30ddd0a357fff
2021-07-29 00:35:00,34.146969,128.74791,8.0,36.4,6.0,8a30ddd0b987fff
2021-07-29 00:40:01,34.155918,128.756012,8.0,35.2,6.0,8a30ddd0952ffff
2021-07-29 00:45:10,34.165222,128.764282,8.1,37.7,6.0,8a30ddd0985ffff
2021-07-29 00:50:09,34.174278,128.772461,8.1,38.2,6.0,8a30ddd720d7fff
2021-07-29 00:55:00,34.183102,128.78067,8.2,38.0,6.0,8a30ddd72a47fff
2021-07-29 01:00:00,34.192211,128.789276,8.3,39.0,6.0,8a30ddd702affff
2021-07-29 01:05:11,34.201649,128.798401,8.4,39.0,6.0,8a30ddd71897fff
2021-07-29 01:10:00,34.210373,128.806824,8.3,38.5,6.0,8a30ddd62407fff
2021-07-29 01:15:10,34.219639,128.815735,8.2,39.3,6.0,8a30ddd62ab7fff
2021-07-29 01:20:00,34.228264,128.824112,8.3,38.5,6.0,8a30ddd60627fff
2021-07-29 01:25:00,34.237076,128.832901,8.3,40.9,6.0,8a30ddd61d9ffff
2021-07-29 01:30:00,34.24593,128.841614,8.2,39.4,6.0,8a30ddd61827fff
2021-07-29 01:35:10,34.255169,128.850403,8.2,37.9,6.0,8a30dd992187fff
2021-07-29 01:40:00,34.263802,128.85849,8.1,38.6,6.0,8a30dd992b2ffff
2021-07-29 01:45:00,34.272289,128.867294,8.1,44.3,6.0,8a30dd9903b7fff
2021-07-29 01:50:01,34.279789,128.87735,8.1,47.2,6.0,8a30dd991c27fff
2021-07-29 01:55:10,34.287487,128.887817,8.1,47.8,6.0,8a30dd982487fff
2021-07-29 02:00:11,34.295212,128.897873,8.1,47.6,6.0,8a30dd982057fff
2021-07-29 02:05:11,34.303295,128.907501,8.1,32.2,6.0,8a30dd983d27fff
2021-07-29 02:10:01,34.312946,128.913757,8.2,27.3,6.0,8a30dd98022ffff
2021-07-29 02:15:00,34.323311,128.918915,8.1,21.7,6.0,8a30dd9856effff
2021-07-29 02:20:00,34.333961,128.92366,8.2,19.5,6.0,8a30dd9aad9ffff
2021-07-29 02:25:00,34.343987,128.929413,7.9,30.8,6.0,8a30dd9ae29ffff
2021-07-29 02:30:00,34.353554,128.936325,8.1,31.3,6.0,8a30dd9a8c2ffff
2021-07-29 02:35:11,34.363659,128.943771,8.2,32.6,6.0,8a30dd9ad587fff
2021-07-29 02:40:00,34.373451,128.950119,8.4,22.4,6.0,8a30dd9ad88ffff
2021-07-29 02:45:00,34.384289,128.955627,8.4,22.3,6.0,8a30dd91e577fff
2021-07-29 02:50:01,34.395233,128.961136,8.5,23.1,6.0,8a30dd91e867fff
2021-07-29 02:55:00,34.406078,128.966751,8.4,23.1,6.0,8a30dd91c117fff
2021-07-29 03:00:00,34.416939,128.972382,8.5,23.8,6.0,8a30dd903427fff
2021-07-29 03:05:00,34.427921,128.978104,8.6,23.3,6.0,8a30dd903857fff
2021-07-29 03:10:01,34.439137,128.983795,8.7,22.6,6.0,8a30dd901187fff
2021-07-29 03:15:01,34.44989,128.990005,7.8,47.8,6.0,8a30dd92a41ffff
2021-07-29 03:20:01,34.453648,129.002197,7.9,73.8,6.0,8a30dd92a2b7fff
2021-07-29 03:25:00,34.456203,129.015366,8.0,76.3,6.0,8a30dd92b40ffff
2021-07-29 03:30:00,34.458645,129.028641,7.9,79.0,6.0,8a30dd92b287fff
2021-07-29 03:35:00,34.461029,129.041977,8.0,77.5,6.0,8a30dd976447fff
2021-07-29 03:40:00,34.463406,129.055252,8.1,77.9,6.0,8a30dd9762d7fff
2021-07-29 03:45:00,34.465778,129.068573,8.0,76.8,6.0,8a30dd970717fff
2021-07-29 03:50:03,34.468437,129.081985,8.2,63.4,6.0,8a30dd9702cffff
2021-07-29 03:55:10,34.478825,129.085419,8.4,358.6,6.0,8a30dd971d47fff
2021-07-29 04:00:09,34.491001,129.08493,8.8,357.8,6.0,8a30dd97532ffff
2021-07-29 04:05:00,34.502769,129.084473,8.6,357.4,6.0,8a30dd966087fff
2021-07-29 04:10:00,34.514816,129.084015,8.5,357.5,6.0,8a30dd96696ffff
2021-07-29 04:15:10,34.527222,129.083435,8.6,357.7,6.0,8a30c32ca6d7fff
2021-07-29 04:20:10,34.539291,129.082855,8.6,357.1,6.0,8a30c32caa87fff
2021-07-29 04:25:00,34.550972,129.082092,8.6,356.9,6.0,8a30c32c8567fff
2021-07-29 04:30:00,34.562923,129.081238,8.7,356.4,6.0,8a30c32cc2d7fff
2021-07-29 04:36:31,34.578537,129.080093,8.7,356.5,6.0,8a30c32eb707fff
2021-07-29 04:40:10,34.587269,129.079407,8.7,355.8,6.0,8a30c32eb8cffff
2021-07-29 04:45:19,34.599598,129.078445,8.6,356.4,6.0,8a30c32e9caffff
2021-07-29 04:50:11,34.610043,129.075134,7.4,311.9,6.0,8a30c32ed777fff
2021-07-29 04:55:20,34.617123,129.064743,7.8,306.2,6.0,8a30c32edd6ffff
2021-07-29 05:00:10,34.623447,129.054321,7.9,307.1,6.0,8a30c3253087fff
2021-07-29 05:05:10,34.63007,129.043594,7.9,306.6,6.0,8a30c325068ffff
2021-07-29 05:10:40,34.637291,129.031754,7.9,306.8,6.0,8a30c3250cf7fff
2021-07-29 05:15:00,34.642925,129.022339,7.8,304.7,6.0,8a30c3256b67fff
2021-07-29 05:20:19,34.649937,129.010803,8.0,304.6,6.0,8a30c3254d97fff
2021-07-29 05:25:20,34.656544,128.999725,8.0,304.7,6.0,8a30c327259ffff
2021-07-29 05:30:20,34.663002,128.988708,7.8,305.0,6.0,8a30c320daaffff
2021-07-29 05:35:20,34.669353,128.977737,7.7,305.0,6.0,8a30c322b2f7fff
2021-07-29 05:40:39,34.676079,128.966171,8.0,304.8,6.0,8a30c322b8c7fff
2021-07-29 05:46:20,34.683113,128.953522,7.9,305.1,6.0,8a30c32280e7fff
2021-07-29 05:50:10,34.687859,128.944916,7.9,304.1,6.0,8a30c3228d6ffff
2021-07-29 05:55:19,34.694172,128.933411,7.9,304.3,6.0,8a30c322c0b7fff
2021-07-29 06:00:00,34.699776,128.922974,7.8,300.8,6.0,8a30c335269ffff
2021-07-29 06:05:00,34.705658,128.911942,7.5,302.3,6.0,8a30c3352507fff
2021-07-29 06:10:21,34.711636,128.900238,7.6,301.4,6.0,8a30c3225b0ffff
2021-07-29 06:15:01,34.716774,128.890045,7.7,302.1,6.0,8a30c330b20ffff
2021-07-29 06:20:00,34.722397,128.879028,7.7,300.3,6.0,8a30c330b8effff
2021-07-29 06:25:01,34.727959,128.867783,7.7,300.9,6.0,8a30c33080cffff
2021-07-29 06:30:10,34.733715,128.856186,7.9,301.3,6.0,8a30c3308d6ffff
2021-07-29 06:36:00,34.740368,128.843109,7.8,302.6,6.0,8a30c330c567fff
2021-07-29 06:40:21,34.745178,128.833557,7.6,301.0,6.0,8a30c3301a6ffff
2021-07-29 06:45:11,34.75058,128.822937,7.7,303.0,6.0,8a30c332a517fff
2021-07-29 06:50:00,34.759457,128.818161,7.6,349.4,6.0,8a30c332e687fff
2021-07-29 06:55:09,34.770424,128.815872,7.9,350.5,6.0,8a30c332e177fff
2021-07-29 07:00:31,34.781906,128.815292,7.8,0.4,6.0,8a30c332c527fff
2021-07-29 07:05:09,34.791973,128.81662,7.8,10.2,6.0,8a30c3ad264ffff
2021-07-29 07:10:51,34.804035,128.818985,7.2,351.8,6.0,8a30c3ad2a4ffff
2021-07-29 07:16:40,34.815285,128.814453,7.3,337.6,6.0,8a30c3ad01affff
2021-07-29 07:20:30,34.822193,128.811081,6.7,343.0,6.0,8a30c3ad0907fff
2021-07-29 07:25:49,34.830185,128.808548,4.4,353.7,6.0,8a30c3ad4ad7fff
2021-07-29 07:30:19,34.835072,128.806702,4.0,336.8,6.0,8a30c3ad4b77fff
2021-07-29 07:31:59,34.836857,128.80571,4.4,336.0,6.0,8a30c3af34c7fff
2021-07-29 07:35:30,34.840717,128.803513,4.2,335.5,6.0,8a30c3af3557fff
2021-07-29 07:40:09,34.845646,128.800613,4.0,334.3,6.0,8a30c3af3c2ffff
2021-07-29 07:47:20,34.850986,128.797577,1.5,336.4,6.0,8a30c3af060ffff
2021-07-29 07:50:20,34.851292,128.797318,0.1,275.5,6.0,8a30c3af0607fff
2021-07-29 07:57:01,34.850872,128.797134,0.3,169.0,6.0,8a30c3af0607fff
2021-07-29 08:03:03,34.850292,128.797028,0.3,201.0,6.0,8a30c3af061ffff
2021-07-29 08:09:02,34.850044,128.796844,0.0,194.0,6.0,8a30c3af061ffff
2021-07-29 08:21:02,34.850063,128.797104,0.0,202.0,6.0,8a30c3af061ffff
2021-07-29 08:30:01,34.850174,128.797089,0.0,8.0,6.0,8a30c3af061ffff
2021-07-29 08:36:00,34.850079,128.797089,0.0,178.0,6.0,8a30c3af061ffff
2021-07-29 08:45:01,34.850063,128.797058,0.1,156.0,6.0,8a30c3af061ffff
2021-07-29 08:48:00,34.85009,128.797089,0.0,356.1,6.0,8a30c3af061ffff
2021-07-29 08:53:59,34.850117,128.797012,0.0,162.5,6.0,8a30c3af061ffff
2021-07-29 09:05:59,34.850124,128.797058,0.0,197.6,6.0,8a30c3af061ffff
2021-07-29 09:11:59,34.850121,128.79686,0.0,77.2,6.0,8a30c3af061ffff
2021-07-29 09:18:02,34.850224,128.796921,0.1,202.0,6.0,8a30c3af061ffff
2021-07-29 09:21:02,34.850231,128.796951,0.0,168.0,6.0,8a30c3af061ffff
2021-07-29 09:27:02,34.850159,128.796799,0.0,197.0,6.0,8a30c3af061ffff
2021-07-29 09:35:59,34.850262,128.7966,0.1,320.5,6.0,8a30c3af0617fff
2021-07-29 09:42:00,34.850311,128.796692,0.1,145.6,6.0,8a30c3af0617fff
2021-07-29 09:47:59,34.850266,128.796677,0.0,213.0,6.0,8a30c3af0617fff
2021-07-29 10:00:00,34.850441,128.796509,0.1,142.0,6.0,8a30c3af0617fff
2021-07-29 10:09:00,34.850353,128.79657,0.1,204.3,6.0,8a30c3af0617fff
2021-07-29 10:12:00,34.850433,128.796524,0.1,330.6,6.0,8a30c3af0617fff
2021-07-29 10:18:22,34.850613,128.796249,0.2,271.0,6.0,8a30c3af0617fff
2021-07-29 10:24:01,34.850788,128.79628,0.1,43.0,6.0,8a30c3af0607fff
2021-07-29 10:33:00,34.850925,128.796356,0.0,305.0,6.0,8a30c3af0607fff
2021-07-29 10:42:01,34.850838,128.796234,0.0,202.0,6.0,8a30c3af0607fff
2021-07-29 10:48:03,34.850864,128.79628,0.0,202.0,6.0,8a30c3af0607fff
2021-07-29 10:51:00,34.850906,128.796295,0.1,28.0,6.0,8a30c3af0607fff
2021-07-29 10:54:02,34.850994,128.79628,0.1,358.0,6.0,8a30c3af0607fff
2021-07-29 10:57:38,34.851124,128.796204,0.1,357.0,6.0,8a30c3af0637fff
2021-07-29 11:06:02,34.851353,128.796371,0.0,76.0,6.0,8a30c3af0607fff
2021-07-29 11:12:01,34.851421,128.796555,0.0,337.0,6.0,8a30c3af0607fff
2021-07-29 11:23:59,34.851521,128.796448,0.0,314.8,6.0,8a30c3af0627fff
2021-07-29 11:30:01,34.851463,128.796539,0.0,49.0,6.0,8a30c3af0607fff
2021-07-29 11:33:00,34.851456,128.796585,0.0,179.0,6.0,8a30c3af0607fff
2021-07-29 11:45:02,34.851604,128.796585,0.1,212.0,6.0,8a30c3af0627fff
2021-07-29 11:48:00,34.851578,128.796631,0.1,254.0,6.0,8a30c3af0627fff
2021-07-29 12:03:01,34.851597,128.796616,0.1,95.0,6.0,8a30c3af0627fff
2021-07-29 12:05:59,34.851528,128.796692,0.1,230.7,6.0,8a30c3af0627fff
2021-07-29 12:15:00,34.851566,128.79657,0.1,174.9,6.0,8a30c3af0627fff
2021-07-29 12:21:38,34.851566,128.79657,0.2,17.0,6.0,8a30c3af0627fff
2021-07-29 12:33:02,34.851738,128.796799,0.1,129.0,6.0,8a30c3af0627fff
2021-07-29 12:36:38,34.8517,128.796829,0.1,161.0,6.0,8a30c3af0627fff
2021-07-29 12:51:02,34.851673,128.796844,0.1,326.0,6.0,8a30c3af0627fff
2021-07-29 12:54:02,34.851742,128.796738,0.1,260.0,6.0,8a30c3af0627fff
2021-07-29 12:57:01,34.851727,128.796783,0.1,181.0,6.0,8a30c3af0627fff
2021-07-29 13:00:01,34.851662,128.796875,0.0,92.0,6.0,8a30c3af0627fff
2021-07-29 13:09:03,34.851715,128.796936,0.1,97.0,6.0,8a30c3af0627fff
2021-07-29 13:17:59,34.851727,128.796936,0.0,302.6,6.0,8a30c3af0627fff
2021-07-29 13:24:04,34.851746,128.79686,0.0,219.0,6.0,8a30c3af0627fff
2021-07-29 13:27:01,34.851688,128.796814,0.1,223.0,6.0,8a30c3af0627fff
2021-07-29 13:33:02,34.851707,128.796783,0.0,283.0,6.0,8a30c3af0627fff
2021-07-29 13:36:02,34.851757,128.796753,0.0,145.0,6.0,8a30c3af0627fff
2021-07-29 13:42:03,34.851673,128.796875,0.0,276.0,6.0,8a30c3af0627fff
2021-07-29 13:48:00,34.851704,128.79689,0.0,25.1,6.0,8a30c3af0627fff
2021-07-29 13:53:59,34.85173,128.79686,0.1,123.1,6.0,8a30c3af0627fff
2021-07-29 14:05:59,34.851707,128.796936,0.0,37.1,6.0,8a30c3af0627fff
2021-07-29 14:12:00,34.851711,128.796844,0.1,318.1,6.0,8a30c3af0627fff
2021-07-29 14:20:59,34.851723,128.796707,0.0,288.7,6.0,8a30c3af0627fff
2021-07-29 14:27:00,34.851696,128.796661,0.0,249.6,6.0,8a30c3af0627fff
2021-07-29 14:39:00,34.851685,128.796585,0.0,10.0,6.0,8a30c3af0627fff
2021-07-29 14:42:02,34.851658,128.796616,0.0,187.0,6.0,8a30c3af0627fff
2021-07-29 14:47:59,34.851646,128.796738,0.1,86.6,6.0,8a30c3af0627fff
2021-07-29 14:57:00,34.851643,128.796844,0.2,311.0,6.0,8a30c3af0627fff
2021-07-29 15:03:03,34.851593,128.796692,0.0,84.0,6.0,8a30c3af0627fff
2021-07-29 15:06:02,34.851509,128.796677,0.1,236.0,6.0,8a30c3af0607fff
2021-07-29 15:11:59,34.851444,128.796738,0.0,41.8,6.0,8a30c3af0607fff
2021-07-29 15:18:00,34.851448,128.796738,0.0,74.0,6.0,8a30c3af0607fff
2021-07-29 15:24:02,34.85157,128.796646,0.0,23.0,6.0,8a30c3af0627fff
2021-07-29 15:29:59,34.851673,128.796997,0.4,97.4,6.0,8a30c3af0627fff
2021-07-29 15:36:00,34.851322,128.798019,0.7,126.3,6.0,8a30c3af060ffff
2021-07-29 15:41:59,34.850906,128.798355,0.0,231.7,6.0,8a30c3af060ffff
2021-07-29 15:48:00,34.850845,128.798065,0.1,215.9,6.0,8a30c3af060ffff
2021-07-29 15:56:59,34.850914,128.798035,0.0,25.4,6.0,8a30c3af060ffff
2021-07-29 16:06:00,34.850906,128.798309,0.0,238.6,6.0,8a30c3af060ffff
2021-07-29 16:11:59,34.850803,128.798111,0.1,49.5,6.0,8a30c3af060ffff
2021-07-29 16:18:00,34.850822,128.797943,0.0,283.1,6.0,8a30c3af060ffff
2021-07-29 16:24:01,34.850761,128.797897,0.1,151.0,6.0,8a30c3af060ffff
2021-07-29 16:38:59,34.850433,128.797821,0.1,215.1,6.0,8a30c3af061ffff
2021-07-29 16:41:59,34.850445,128.797806,0.1,237.5,6.0,8a30c3af061ffff
2021-07-29 16:48:00,34.850391,128.797821,0.1,300.3,6.0,8a30c3af061ffff
2021-07-29 16:53:59,34.850422,128.797653,0.0,287.0,6.0,8a30c3af061ffff
2021-07-29 16:57:00,34.850475,128.797592,0.1,351.8,6.0,8a30c3af061ffff
2021-07-29 17:00:00,34.850464,128.797531,0.1,186.1,6.0,8a30c3af061ffff
2021-07-29 17:05:59,34.850216,128.797623,0.1,111.8,6.0,8a30c3af061ffff
2021-07-29 17:15:00,34.850388,128.797653,0.1,311.7,6.0,8a30c3af061ffff
2021-07-29 17:23:59,34.850399,128.797409,0.0,280.0,6.0,8a30c3af061ffff
2021-07-29 17:30:00,34.850269,128.797501,0.1,121.8,6.0,8a30c3af061ffff
2021-07-29 17:35:59,34.850391,128.79744,0.1,318.1,6.0,8a30c3af061ffff
2021-07-29 17:47:59,34.850239,128.797501,0.1,109.6,6.0,8a30c3af061ffff
2021-07-29 17:54:00,34.850197,128.797531,0.1,128.2,6.0,8a30c3af061ffff
2021-07-29 17:59:59,34.850204,128.797485,0.0,350.3,6.0,8a30c3af061ffff
2021-07-29 18:06:00,34.850208,128.797318,0.1,228.4,6.0,8a30c3af061ffff
2021-07-29 18:12:00,34.850105,128.797195,0.1,238.9,6.0,8a30c3af061ffff
2021-07-29 18:24:00,34.850204,128.797195,0.0,171.9,6.0,8a30c3af061ffff
2021-07-29 18:26:59,34.850136,128.797195,0.0,3.3,6.0,8a30c3af061ffff
2021-07-29 18:32:59,34.850307,128.797134,0.0,6.3,6.0,8a30c3af061ffff
2021-07-29 18:39:00,34.850327,128.797028,0.0,195.6,6.0,8a30c3af061ffff
2021-07-29 18:41:59,34.850235,128.797043,0.0,187.3,6.0,8a30c3af061ffff
2021-07-29 18:48:00,34.85025,128.797058,0.0,175.0,6.0,8a30c3af061ffff
2021-07-29 18:53:59,34.850143,128.797119,0.0,78.4,6.0,8a30c3af061ffff
2021-07-29 18:59:59,34.850224,128.797211,0.0,56.9,6.0,8a30c3af061ffff
2021-07-29 19:03:00,34.850246,128.79718,0.0,271.2,6.0,8a30c3af061ffff
2021-07-29 19:06:00,34.85025,128.797134,0.0,169.7,6.0,8a30c3af061ffff
2021-07-29 19:14:59,34.850174,128.797043,0.2,174.4,6.0,8a30c3af061ffff
2021-07-29 19:18:00,34.850163,128.797073,0.0,25.4,6.0,8a30c3af061ffff
2021-07-29 19:21:00,34.850182,128.797165,0.1,155.5,6.0,8a30c3af061ffff
2021-07-29 19:26:59,34.850174,128.797119,0.0,182.4,6.0,8a30c3af061ffff
2021-07-29 19:30:00,34.850178,128.797073,0.2,174.6,6.0,8a30c3af061ffff
2021-07-29 19:36:21,34.850174,128.797104,0.1,28.9,6.0,8a30c3af061ffff
2021-07-29 19:41:59,34.850174,128.79718,0.1,47.6,6.0,8a30c3af061ffff
2021-07-29 19:45:00,34.850182,128.797211,0.1,158.5,6.0,8a30c3af061ffff
2021-07-29 19:50:59,34.850193,128.797333,0.0,83.2,6.0,8a30c3af061ffff
2021-07-29 19:56:59,34.85014,128.797302,0.0,180.4,6.0,8a30c3af061ffff
2021-07-29 20:03:00,34.850163,128.797379,0.1,100.7,6.0,8a30c3af061ffff
2021-07-29 20:08:59,34.850174,128.797256,0.1,181.2,6.0,8a30c3af061ffff
2021-07-29 20:12:00,34.850159,128.797256,0.0,37.2,6.0,8a30c3af061ffff
2021-07-29 20:17:59,34.850155,128.797256,0.2,179.9,6.0,8a30c3af061ffff
2021-07-29 20:20:59,34.850143,128.797241,0.0,272.3,6.0,8a30c3af061ffff
2021-07-29 20:30:00,34.850121,128.797226,0.0,313.5,6.0,8a30c3af061ffff
2021-07-29 20:35:59,34.850182,128.797134,0.0,63.6,6.0,8a30c3af061ffff
2021-07-29 20:42:00,34.85025,128.797104,0.0,39.7,6.0,8a30c3af061ffff
2021-07-29 20:45:00,34.850292,128.797134,0.0,118.0,6.0,8a30c3af061ffff
2021-07-29 20:50:59,34.850082,128.797104,0.1,169.9,6.0,8a30c3af061ffff
2021-07-29 20:57:00,34.850143,128.797226,0.0,4.1,6.0,8a30c3af061ffff
2021-07-29 21:02:59,34.850094,128.797058,0.2,202.2,6.0,8a30c3af061ffff
2021-07-29 21:09:00,34.850056,128.797195,0.0,107.6,6.0,8a30c3af061ffff
2021-07-29 21:14:59,34.850113,128.797195,0.1,280.9,6.0,8a30c3af061ffff
2021-07-29 21:21:00,34.850086,128.797104,0.1,278.6,6.0,8a30c3af061ffff
2021-07-29 21:27:00,34.850197,128.797104,0.0,265.4,6.0,8a30c3af061ffff
2021-07-29 21:32:59,34.850086,128.797089,0.0,156.7,6.0,8a30c3af061ffff
2021-07-29 21:36:00,34.850101,128.79715,0.1,92.9,6.0,8a30c3af061ffff
2021-07-29 21:41:59,34.850132,128.797134,0.0,207.1,6.0,8a30c3af061ffff
2021-07-29 21:51:00,34.85014,128.797119,0.1,135.0,6.0,8a30c3af061ffff
2021-07-29 21:56:59,34.850029,128.79715,0.0,134.7,6.0,8a30c3af061ffff
2021-07-29 22:06:00,34.850124,128.797089,0.0,195.2,6.0,8a30c3af061ffff
2021-07-29 22:11:59,34.850143,128.797012,0.0,218.3,6.0,8a30c3af061ffff
2021-07-29 22:18:00,34.850227,128.796906,0.1,23.8,6.0,8a30c3af061ffff
2021-07-29 22:21:00,34.850193,128.79689,0.0,186.0,6.0,8a30c3af061ffff
2021-07-29 22:26:59,34.850098,128.79686,0.1,33.0,6.0,8a30c3af061ffff
2021-07-29 22:33:00,34.850113,128.79686,0.0,292.0,6.0,8a30c3af061ffff
2021-07-29 22:36:00,34.850159,128.796829,0.1,339.9,6.0,8a30c3af061ffff
2021-07-29 22:41:59,34.850143,128.796814,0.0,189.4,6.0,8a30c3af061ffff
2021-07-29 22:45:00,34.850124,128.796844,0.0,157.7,6.0,8a30c3af061ffff
2021-07-29 22:53:59,34.85017,128.796875,0.0,334.8,6.0,8a30c3af061ffff
2021-07-29 22:56:59,34.850201,128.79689,0.0,309.8,6.0,8a30c3af061ffff
2021-07-29 23:00:00,34.850204,128.796799,0.0,347.1,6.0,8a30c3af061ffff
2021-07-29 23:05:59,34.850185,128.796875,0.0,22.0,6.0,8a30c3af061ffff
2021-07-29 23:12:00,34.850163,128.796906,0.2,156.5,6.0,8a30c3af061ffff
2021-07-29 23:15:00,34.850178,128.796982,0.2,126.3,6.0,8a30c3af061ffff
2021-07-29 23:20:59,34.850182,128.797012,0.1,288.9,6.0,8a30c3af061ffff
2021-07-29 23:27:00,34.850124,128.797043,0.1,39.9,6.0,8a30c3af061ffff
2021-07-29 23:30:00,34.850147,128.797104,0.0,27.4,6.0,8a30c3af061ffff
2021-07-29 23:35:59,34.850178,128.797104,0.1,337.0,6.0,8a30c3af061ffff
2021-07-29 23:42:00,34.850231,128.797089,0.0,344.5,6.0,8a30c3af061ffff
2021-07-29 23:45:00,34.850163,128.797104,0.1,217.3,6.0,8a30c3af061ffff
2021-07-29 23:50:59,34.850113,128.797089,0.2,4.8,6.0,8a30c3af061ffff
2021-07-29 23:59:59,34.850231,128.797333,0.1,51.9,6.0,8a30c3af061ffff
2021-07-30 00:02:59,34.850189,128.797424,0.0,174.6,6.0,8a30c3af061ffff
2021-07-30 00:06:00,34.850189,128.797363,0.0,248.8,6.0,8a30c3af061ffff
2021-07-30 00:11:59,34.85017,128.797379,0.1,203.3,6.0,8a30c3af061ffff
2021-07-30 00:17:59,34.850189,128.797348,0.0,317.1,6.0,8a30c3af061ffff
2021-07-30 00:24:00,34.850143,128.797302,0.1,199.5,6.0,8a30c3af061ffff
2021-07-30 00:26:59,34.850246,128.797256,0.0,0.0,6.0,8a30c3af061ffff
2021-07-30 00:33:00,34.850193,128.797394,0.2,197.0,6.0,8a30c3af061ffff
2021-07-30 00:39:00,34.85014,128.79747,0.0,299.0,6.0,8a30c3af061ffff
2021-07-30 00:41:59,34.850193,128.797455,0.0,1.8,6.0,8a30c3af061ffff
2021-07-30 00:48:00,34.850197,128.797531,0.0,129.9,6.0,8a30c3af061ffff
2021-07-30 00:51:00,34.850166,128.797546,0.1,38.0,6.0,8a30c3af061ffff
2021-07-30 00:56:59,34.850266,128.79747,0.0,263.0,6.0,8a30c3af061ffff
2021-07-30 01:00:00,34.850246,128.797485,0.0,147.5,6.0,8a30c3af061ffff
2021-07-30 01:05:59,34.850281,128.797394,0.1,339.8,6.0,8a30c3af061ffff
2021-07-30 01:11:59,34.8503,128.797501,0.1,179.5,6.0,8a30c3af061ffff
2021-07-30 01:15:00,34.850212,128.797638,0.1,201.9,6.0,8a30c3af061ffff
2021-07-30 01:20:59,34.850262,128.797516,0.0,47.1,6.0,8a30c3af061ffff
2021-07-30 01:27:00,34.850239,128.797485,0.0,98.8,6.0,8a30c3af061ffff
2021-07-30 01:30:00,34.850277,128.797516,0.1,1.0,6.0,8a30c3af061ffff
2021-07-30 01:35:59,34.850239,128.797638,0.1,81.8,6.0,8a30c3af061ffff
2021-07-30 01:42:00,34.8503,128.797577,0.1,349.0,6.0,8a30c3af061ffff
2021-07-30 01:45:00,34.850368,128.797485,0.1,320.1,6.0,8a30c3af061ffff
2021-07-30 01:54:00,34.850368,128.797653,0.2,42.1,6.0,8a30c3af061ffff
2021-07-30 01:57:00,34.850483,128.797745,0.1,31.7,6.0,8a30c3af061ffff
2021-07-30 02:05:59,34.850746,128.797943,0.0,352.6,6.0,8a30c3af060ffff
2021-07-30 02:12:00,34.85088,128.798019,0.1,44.4,6.0,8a30c3af060ffff
2021-07-30 02:17:59,34.851055,128.797958,0.0,238.1,6.0,8a30c3af060ffff
2021-07-30 02:21:00,34.85117,128.797913,0.1,328.2,6.0,8a30c3af060ffff
2021-07-30 02:26:59,34.851261,128.797989,0.0,335.2,6.0,8a30c3af060ffff
2021-07-30 02:32:59,34.851261,128.797821,0.1,268.7,6.0,8a30c3af060ffff
2021-07-30 02:36:00,34.851307,128.79776,0.0,271.3,6.0,8a30c3af060ffff
2021-07-30 02:41:59,34.851463,128.797791,0.1,0.2,6.0,8a30c3af062ffff
2021-07-30 02:48:00,34.851429,128.797668,0.0,246.8,6.0,8a30c3af062ffff
2021-07-30 02:51:00,34.85146,128.797714,0.0,358.2,6.0,8a30c3af062ffff
2021-07-30 02:56:59,34.851467,128.797745,0.1,176.3,6.0,8a30c3af062ffff
2021-07-30 03:00:00,34.851425,128.797775,0.1,20.6,6.0,8a30c3af062ffff
2021-07-30 03:06:00,34.851448,128.797745,0.1,36.2,6.0,8a30c3af062ffff
2021-07-30 03:11:59,34.851479,128.797668,0.0,303.7,6.0,8a30c3af062ffff
2021-07-30 03:15:00,34.851482,128.797684,0.0,165.0,6.0,8a30c3af062ffff
2021-07-30 03:20:59,34.851437,128.797729,0.0,335.4,6.0,8a30c3af062ffff
2021-07-30 03:26:59,34.851479,128.797699,0.0,351.1,6.0,8a30c3af062ffff
2021-07-30 03:30:00,34.851513,128.797684,0.1,249.8,6.0,8a30c3af062ffff
2021-07-30 03:35:59,34.851494,128.797699,0.0,224.8,6.0,8a30c3af062ffff
2021-07-30 03:42:00,34.851505,128.797821,0.0,174.6,6.0,8a30c3af062ffff
2021-07-30 03:45:00,34.851467,128.797882,0.0,182.5,6.0,8a30c3af062ffff
2021-07-30 03:50:59,34.851486,128.797791,0.0,271.8,6.0,8a30c3af062ffff
2021-07-30 03:57:00,34.851498,128.797714,0.0,355.3,6.0,8a30c3af062ffff
2021-07-30 04:00:00,34.851574,128.797684,0.0,13.0,6.0,8a30c3af062ffff
2021-07-30 04:05:59,34.851574,128.797668,0.1,274.0,6.0,8a30c3af062ffff
2021-07-30 04:14:59,34.85157,128.797562,0.0,353.8,6.0,8a30c3af062ffff
2021-07-30 04:17:59,34.851685,128.797516,0.1,309.2,6.0,8a30c3af062ffff
2021-07-30 04:24:00,34.851719,128.797592,0.1,90.7,6.0,8a30c3af062ffff
2021-07-30 04:27:00,34.851669,128.797684,0.0,108.7,6.0,8a30c3af062ffff
2021-07-30 04:36:00,34.851685,128.797729,0.0,2.3,6.0,8a30c3af062ffff
2021-07-30 04:41:59,34.851639,128.797775,0.0,110.0,6.0,8a30c3af062ffff
2021-07-30 04:51:00,34.851643,128.797806,0.0,256.2,6.0,8a30c3af062ffff
2021-07-30 04:56:59,34.851601,128.797791,0.1,257.9,6.0,8a30c3af062ffff
2021-07-30 05:06:00,34.851597,128.797882,0.1,165.3,6.0,8a30c3af062ffff
2021-07-30 05:11:59,34.851559,128.797928,0.0,247.0,6.0,8a30c3af062ffff
2021-07-30 05:15:00,34.851582,128.797867,0.0,340.0,6.0,8a30c3af062ffff
2021-07-30 05:20:59,34.851727,128.797638,0.0,337.5,6.0,8a30c3af062ffff
2021-07-30 05:26:59,34.85154,128.797745,0.1,122.5,6.0,8a30c3af062ffff
2021-07-30 05:30:00,34.85146,128.797882,0.2,127.7,6.0,8a30c3af062ffff
2021-07-30 05:35:59,34.851307,128.798203,0.0,120.2,6.0,8a30c3af060ffff
2021-07-30 05:42:00,34.851189,128.798141,0.0,241.8,6.0,8a30c3af060ffff
2021-07-30 05:47:59,34.851086,128.798264,0.0,341.8,6.0,8a30c3af060ffff
2021-07-30 05:53:59,34.851067,128.798187,0.1,103.3,6.0,8a30c3af060ffff
2021-07-30 06:00:01,34.850983,128.798218,0.0,270.0,6.0,8a30c3af060ffff
2021-07-30 06:02:59,34.850887,128.798187,0.0,209.1,6.0,8a30c3af060ffff
2021-07-30 06:05:59,34.850815,128.798141,0.1,226.9,6.0,8a30c3af060ffff
2021-07-30 06:12:00,34.850784,128.798096,0.0,88.5,6.0,8a30c3af060ffff
2021-07-30 06:20:59,34.850677,128.798172,0.0,228.6,6.0,8a30c3af060ffff
2021-07-30 06:29:59,34.850391,128.797836,0.2,249.3,6.0,8a30c3af061ffff
2021-07-30 06:39:00,34.850384,128.797623,0.1,220.2,6.0,8a30c3af061ffff
2021-07-30 06:41:59,34.850384,128.797577,0.0,215.9,6.0,8a30c3af061ffff
2021-07-30 06:54:00,34.850327,128.797455,0.1,304.8,6.0,8a30c3af061ffff
2021-07-30 06:59:59,34.850277,128.797379,0.1,244.8,6.0,8a30c3af061ffff
2021-07-30 07:06:00,34.85025,128.797165,0.0,238.1,6.0,8a30c3af061ffff
2021-07-30 07:11:59,34.850254,128.79715,0.0,326.5,6.0,8a30c3af061ffff
2021-07-30 07:15:00,34.850254,128.797165,0.0,219.4,6.0,8a30c3af061ffff
2021-07-30 07:20:59,34.85033,128.797028,0.0,304.0,6.0,8a30c3af061ffff
2021-07-30 07:27:01,34.850311,128.796997,0.0,296.0,6.0,8a30c3af061ffff
2021-07-30 07:30:00,34.850342,128.796967,0.0,313.1,6.0,8a30c3af061ffff
2021-07-30 07:38:59,34.850433,128.796967,0.3,188.4,6.0,8a30c3af061ffff
2021-07-30 07:48:01,34.850323,128.796967,0.0,329.0,6.0,8a30c3af061ffff
2021-07-30 07:54:02,34.850407,128.796982,0.0,171.0,6.0,8a30c3af061ffff
2021-07-30 08:03:15,34.850441,128.796967,0.0,150.6,6.0,8a30c3af061ffff
2021-07-30 08:12:00,34.850437,128.796829,0.1,278.1,6.0,8a30c3af061ffff
2021-07-30 08:17:59,34.850471,128.796814,0.0,59.4,6.0,8a30c3af061ffff
2021-07-30 08:24:00,34.850529,128.79689,0.0,72.5,6.0,8a30c3af061ffff
2021-07-30 08:27:00,34.850552,128.796906,0.0,357.2,6.0,8a30c3af061ffff
2021-07-30 08:32:59,34.850533,128.796799,0.1,227.3,6.0,8a30c3af0607fff
2021-07-30 08:36:00,34.850548,128.796829,0.0,74.4,6.0,8a30c3af0607fff
2021-07-30 08:41:59,34.850643,128.796844,0.1,353.7,6.0,8a30c3af0607fff
2021-07-30 08:59:59,34.851196,128.796295,0.1,64.6,6.0,8a30c3af0607fff
2021-07-30 09:06:02,34.851357,128.796463,0.0,39.0,6.0,8a30c3af0607fff
2021-07-30 09:09:01,34.851444,128.796448,0.0,2.0,6.0,8a30c3af0627fff
2021-07-30 09:11:59,34.851482,128.796478,0.0,140.1,6.0,8a30c3af0627fff
2021-07-30 09:21:00,34.851585,128.796661,0.0,30.5,6.0,8a30c3af0627fff
2021-07-30 09:26:59,34.851742,128.79686,0.1,68.3,6.0,8a30c3af0627fff
2021-07-30 09:33:00,34.851803,128.797165,0.2,79.2,6.0,8a30c3af062ffff
2021-07-30 09:35:59,34.851883,128.797272,0.0,84.3,6.0,8a30c3af062ffff
2021-07-30 09:45:00,34.852272,128.797272,0.1,7.5,6.0,8a30c3af0757fff
2021-07-30 09:50:59,34.852474,128.797195,0.0,326.4,6.0,8a30c3af0757fff
2021-07-30 10:00:00,34.852455,128.79715,0.0,74.5,6.0,8a30c3af0757fff
2021-07-30 10:06:02,34.852478,128.797272,0.0,201.0,6.0,8a30c3af0757fff
2021-07-30 10:09:01,34.852505,128.797287,0.0,127.0,6.0,8a30c3af0757fff
2021-07-30 10:15:00,34.852489,128.797424,0.0,341.3,6.0,8a30c3af0757fff
2021-07-30 10:24:00,34.852581,128.79747,0.0,9.6,6.0,8a30c3af0757fff
2021-07-30 10:27:00,34.852676,128.79747,0.0,353.1,6.0,8a30c3af0757fff
2021-07-30 10:32:59,34.852676,128.79744,0.1,83.7,6.0,8a30c3af0757fff
2021-07-30 10:35:59,34.852741,128.797516,0.0,24.2,6.0,8a30c3af0757fff
2021-07-30 10:42:00,34.852749,128.797577,0.0,138.5,6.0,8a30c3af0757fff
2021-07-30 10:47:59,34.852757,128.797653,0.0,215.8,6.0,8a30c3af0757fff
2021-07-30 10:51:00,34.852688,128.797638,0.1,169.6,6.0,8a30c3af0757fff
2021-07-30 10:56:59,34.852741,128.797531,0.0,335.4,6.0,8a30c3af0757fff
2021-07-30 11:02:59,34.852741,128.797546,0.0,47.6,6.0,8a30c3af0757fff
2021-07-30 11:06:00,34.852734,128.797562,0.1,230.4,6.0,8a30c3af0757fff
2021-07-30 11:14:59,34.852737,128.797577,0.1,311.2,6.0,8a30c3af0757fff
2021-07-30 11:21:01,34.852741,128.797623,0.1,97.0,6.0,8a30c3af0757fff
2021-07-30 11:23:59,34.852749,128.797653,0.0,102.1,6.0,8a30c3af0757fff
2021-07-30 11:26:59,34.852768,128.797653,0.0,333.3,6.0,8a30c3af0757fff
2021-07-30 11:33:00,34.852787,128.797607,0.0,179.2,6.0,8a30c3af0757fff
2021-07-30 11:36:00,34.85276,128.797562,0.0,299.9,6.0,8a30c3af0757fff
2021-07-30 11:41:59,34.852764,128.797546,0.0,5.1,6.0,8a30c3af0757fff
2021-07-30 11:45:00,34.852798,128.797546,0.0,147.1,6.0,8a30c3af0757fff
2021-07-30 11:50:59,34.852818,128.797638,0.1,38.8,6.0,8a30c3af0757fff
2021-07-30 11:56:59,34.852798,128.797775,0.0,85.6,6.0,8a30c3af0757fff
2021-07-30 12:00:00,34.852852,128.79776,0.0,320.5,6.0,8a30c3af0757fff
2021-07-30 12:09:01,34.852818,128.797836,0.0,182.0,6.0,8a30c3af0757fff
2021-07-30 12:17:59,34.852844,128.797791,0.0,179.7,6.0,8a30c3af0757fff
2021-07-30 12:24:00,34.852852,128.797745,0.1,41.1,6.0,8a30c3af0757fff
2021-07-30 12:27:00,34.852837,128.79776,0.0,40.9,6.0,8a30c3af0757fff
2021-07-30 12:30:00,34.852859,128.797745,0.0,18.3,6.0,8a30c3af0757fff
2021-07-30 12:35:59,34.852863,128.797729,0.0,10.6,6.0,8a30c3af0757fff
2021-07-30 12:42:00,34.852852,128.797714,0.2,13.2,6.0,8a30c3af0757fff
2021-07-30 12:47:59,34.852829,128.797806,0.0,48.1,6.0,8a30c3af0757fff
2021-07-30 12:54:00,34.852863,128.797806,0.0,13.2,6.0,8a30c3af0757fff
2021-07-30 12:56:59,34.852882,128.79776,0.0,257.4,6.0,8a30c3af0757fff
2021-07-30 13:06:00,34.852867,128.797913,0.1,96.9,6.0,8a30c3af0757fff
2021-07-30 13:11:59,34.852894,128.797821,0.0,250.8,6.0,8a30c3af0757fff
2021-07-30 13:21:00,34.852894,128.797897,0.1,332.4,6.0,8a30c3af0757fff
2021-07-30 13:26:59,34.852886,128.797867,0.1,44.5,6.0,8a30c3af0757fff
2021-07-30 13:36:00,34.852894,128.797913,0.1,156.8,6.0,8a30c3af0757fff
2021-07-30 13:45:00,34.852917,128.797882,0.0,14.2,6.0,8a30c3af0757fff
2021-07-30 13:57:04,34.852909,128.797882,0.1,26.0,6.0,8a30c3af0757fff
2021-07-30 14:05:59,34.85294,128.797897,0.0,204.5,6.0,8a30c3af0757fff
2021-07-30 14:15:02,34.85294,128.797836,0.1,94.0,6.0,8a30c3af0757fff
2021-07-30 14:18:01,34.852917,128.797867,0.0,7.0,6.0,8a30c3af0757fff
2021-07-30 14:21:02,34.852924,128.797806,0.0,33.0,6.0,8a30c3af0757fff
2021-07-30 14:33:02,34.852947,128.797913,0.0,84.0,6.0,8a30c3af0757fff
2021-07-30 14:42:02,34.852905,128.797897,0.0,93.0,6.0,8a30c3af0757fff
2021-07-30 14:45:02,34.852901,128.797913,0.0,244.0,6.0,8a30c3af0757fff
2021-07-30 14:48:02,34.852901,128.797852,0.1,207.0,6.0,8a30c3af0757fff
2021-07-30 14:51:02,34.852901,128.797867,0.0,95.0,6.0,8a30c3af0757fff
2021-07-30 15:03:02,34.852901,128.797897,0.0,128.0,6.0,8a30c3af0757fff
2021-07-30 15:09:01,34.852905,128.797852,0.0,37.0,6.0,8a30c3af0757fff
2021-07-30 15:23:50,34.852852,128.797974,0.0,276.0,6.0,8a30c3af075ffff
2021-07-30 15:32:53,34.852871,128.797989,0.2,246.0,6.0,8a30c3af075ffff
2021-07-30 15:38:54,34.852848,128.798019,0.1,238.0,6.0,8a30c3af075ffff
2021-07-30 15:47:50,34.852821,128.798065,0.0,97.9,6.0,8a30c3af075ffff
2021-07-30 15:53:51,34.852787,128.798096,0.0,89.7,6.0,8a30c3af075ffff
2021-07-30 15:59:51,34.852798,128.798065,0.1,147.5,6.0,8a30c3af075ffff
2021-07-30 16:05:52,34.852802,128.798111,0.1,193.0,6.0,8a30c3af075ffff
2021-07-30 16:08:54,34.852791,128.798111,0.0,65.0,6.0,8a30c3af075ffff
2021-07-30 16:11:51,34.852787,128.798157,0.0,312.6,6.0,8a30c3af075ffff
2021-07-30 16:23:51,34.852779,128.798096,0.1,95.0,6.0,8a30c3af075ffff
2021-07-30 16:29:50,34.852749,128.798126,0.0,329.7,6.0,8a30c3af075ffff
2021-07-30 16:38:53,34.852757,128.798141,0.1,113.0,6.0,8a30c3af075ffff
2021-07-30 16:41:51,34.852734,128.798187,0.1,199.7,6.0,8a30c3af075ffff
2021-07-30 16:47:52,34.85276,128.798141,0.0,336.0,6.0,8a30c3af075ffff
2021-07-30 17:02:53,34.85268,128.798248,0.1,26.0,6.0,8a30c3af075ffff
2021-07-30 17:12:10,34.85265,128.798218,0.0,137.0,6.0,8a30c3af075ffff
2021-07-30 17:17:51,34.852596,128.798309,0.0,251.8,6.0,8a30c3af075ffff
2021-07-30 17:32:52,34.852585,128.798386,0.0,37.0,6.0,8a30c3af075ffff
2021-07-30 17:38:53,34.8526,128.798279,0.0,80.0,6.0,8a30c3af075ffff
2021-07-30 17:41:53,34.852615,128.79834,0.0,108.0,6.0,8a30c3af075ffff
2021-07-30 17:47:51,34.852573,128.798325,0.0,295.6,6.0,8a30c3af075ffff
2021-07-30 17:53:50,34.852638,128.798294,0.1,237.8,6.0,8a30c3af075ffff
2021-07-30 17:59:51,34.852585,128.798294,0.1,192.3,6.0,8a30c3af075ffff
2021-07-30 18:05:53,34.852459,128.798416,0.1,150.0,6.0,8a30c3af075ffff
2021-07-30 18:11:53,34.852352,128.798447,0.0,191.0,6.0,8a30c3af075ffff
2021-07-30 18:20:52,34.852226,128.798492,0.0,203.0,6.0,8a30c3af075ffff
2021-07-30 18:23:53,34.852188,128.798523,0.0,231.0,6.0,8a30c3af075ffff
2021-07-30 18:29:51,34.852055,128.798508,0.0,176.4,6.0,8a30c3af0677fff
2021-07-30 18:41:51,34.851948,128.798447,0.0,180.4,6.0,8a30c3af0677fff
2021-07-30 18:47:54,34.851944,128.798477,0.1,257.0,6.0,8a30c3af0677fff
2021-07-30 18:56:51,34.851917,128.798569,0.0,232.0,6.0,8a30c3af0677fff
2021-07-30 19:02:50,34.851978,128.79837,0.1,293.1,6.0,8a30c3af062ffff
2021-07-30 19:05:51,34.851971,128.79837,0.1,182.1,6.0,8a30c3af062ffff
2021-07-30 19:11:52,34.851799,128.798538,0.2,172.0,6.0,8a30c3af0677fff
2021-07-30 19:26:51,34.85157,128.798157,0.0,190.3,6.0,8a30c3af062ffff
2021-07-30 19:32:51,34.851387,128.798157,0.0,252.6,6.0,8a30c3af060ffff
2021-07-30 19:44:50,34.851498,128.797867,0.0,267.1,6.0,8a30c3af062ffff
2021-07-30 19:50:53,34.851414,128.797943,0.0,117.0,6.0,8a30c3af060ffff
2021-07-30 19:53:52,34.851383,128.797974,0.1,110.0,6.0,8a30c3af060ffff
2021-07-30 20:02:53,34.851414,128.797913,0.0,162.0,6.0,8a30c3af060ffff
2021-07-30 20:08:53,34.851421,128.797882,0.2,35.0,6.0,8a30c3af062ffff
2021-07-30 20:11:54,34.851486,128.797958,0.0,119.0,6.0,8a30c3af062ffff
2021-07-30 20:14:51,34.851406,128.798019,0.1,177.3,6.0,8a30c3af060ffff
2021-07-30 20:23:56,34.851429,128.798004,0.0,17.0,6.0,8a30c3af060ffff
2021-07-30 20:29:51,34.851364,128.798065,0.0,126.9,6.0,8a30c3af060ffff
2021-07-30 20:35:52,34.851395,128.798065,0.0,348.0,6.0,8a30c3af060ffff
2021-07-30 20:38:51,34.85144,128.798019,0.0,243.4,6.0,8a30c3af060ffff
2021-07-30 20:44:52,34.851437,128.797989,0.1,129.0,6.0,8a30c3af060ffff
2021-07-30 20:47:53,34.851372,128.798019,0.0,164.0,6.0,8a30c3af060ffff
2021-07-30 20:59:51,34.851437,128.797958,0.1,240.5,6.0,8a30c3af062ffff
2021-07-30 21:14:51,34.851307,128.797852,0.0,208.5,6.0,8a30c3af060ffff
2021-07-30 21:23:51,34.85133,128.797699,0.0,212.1,6.0,8a30c3af060ffff
2021-07-30 21:29:51,34.851315,128.797668,0.0,183.4,6.0,8a30c3af060ffff
2021-07-30 21:32:51,34.851318,128.797653,0.0,91.3,6.0,8a30c3af060ffff
2021-07-30 21:38:51,34.851303,128.797653,0.0,217.5,6.0,8a30c3af060ffff
2021-07-30 21:41:51,34.851295,128.797623,0.1,150.2,6.0,8a30c3af060ffff
2021-07-30 21:47:51,34.851318,128.797562,0.0,290.8,6.0,8a30c3af0607fff
2021-07-30 21:53:53,34.851357,128.797501,0.0,277.0,6.0,8a30c3af0607fff
2021-07-30 21:56:51,34.851395,128.797424,0.0,150.4,6.0,8a30c3af0607fff
2021-07-30 22:02:51,34.851292,128.797546,0.0,135.3,6.0,8a30c3af0607fff
2021-07-30 22:05:51,34.851276,128.797562,0.0,124.5,6.0,8a30c3af0607fff
2021-07-30 22:11:51,34.851364,128.797562,0.1,6.7,6.0,8a30c3af062ffff
2021-07-30 22:17:53,34.851391,128.797501,0.0,268.0,6.0,8a30c3af062ffff
2021-07-30 22:26:51,34.85136,128.79747,0.0,334.3,6.0,8a30c3af0607fff
2021-07-30 22:41:51,34.851395,128.797806,0.0,49.9,6.0,8a30c3af062ffff
2021-07-30 22:50:51,34.851334,128.797913,0.0,65.9,6.0,8a30c3af060ffff
2021-07-30 22:56:51,34.851353,128.797928,0.0,44.4,6.0,8a30c3af060ffff
2021-07-30 23:02:54,34.851616,128.797897,0.1,324.0,6.0,8a30c3af062ffff
2021-07-30 23:05:51,34.851654,128.797928,0.1,85.0,6.0,8a30c3af062ffff
2021-07-30 23:14:51,34.851479,128.798187,0.0,188.4,6.0,8a30c3af060ffff
2021-07-30 23:17:51,34.851456,128.798172,0.1,246.4,6.0,8a30c3af060ffff
2021-07-30 23:20:51,34.851448,128.798172,0.1,18.5,6.0,8a30c3af060ffff
2021-07-30 23:26:52,34.851456,128.798141,0.2,271.0,6.0,8a30c3af060ffff
2021-07-30 23:29:51,34.851509,128.798004,0.2,350.8,6.0,8a30c3af062ffff
2021-07-30 23:44:51,34.85157,128.798111,0.0,321.2,6.0,8a30c3af062ffff
2021-07-30 23:53:51,34.851723,128.798203,0.0,30.2,6.0,8a30c3af062ffff
2021-07-30 23:56:51,34.851768,128.798248,0.0,1.3,6.0,8a30c3af062ffff
2021-07-31 00:02:54,34.852024,128.798248,0.1,350.0,6.0,8a30c3af062ffff
2021-07-31 00:20:54,34.852703,128.797424,0.1,254.0,6.0,8a30c3af0757fff
2021-07-31 00:26:50,34.852657,128.797165,0.0,243.0,6.0,8a30c3af0757fff
2021-07-31 00:32:53,34.852619,128.796921,0.1,209.0,6.0,8a30c3af0757fff
2021-07-31 00:41:53,34.852509,128.796936,0.0,54.0,6.0,8a30c3af0757fff
2021-07-31 00:47:52,34.852512,128.796936,0.0,344.0,6.0,8a30c3af0757fff
2021-07-31 00:53:53,34.852634,128.796844,0.1,231.0,6.0,8a30c3af0757fff
2021-07-31 00:56:53,34.852558,128.796875,0.1,170.0,6.0,8a30c3af0757fff
2021-07-31 00:59:54,34.852512,128.796844,0.1,311.0,6.0,8a30c3af0757fff
2021-07-31 01:02:52,34.852531,128.796783,0.0,333.0,6.0,8a30c3af0757fff
2021-07-31 01:07:54,34.852497,128.796844,0.0,254.0,6.0,8a30c3af0757fff
2021-07-31 01:21:33,34.85273,128.797089,0.0,346.0,6.0,8a30c3af0757fff
2021-07-31 01:26:52,34.852684,128.796951,0.1,287.0,6.0,8a30c3af0757fff
2021-07-31 01:36:33,34.852722,128.796906,0.1,347.0,6.0,8a30c3af0757fff
2021-07-31 01:50:53,34.852726,128.796936,0.0,33.0,6.0,8a30c3af0757fff
2021-07-31 01:53:52,34.852753,128.797012,0.2,23.0,6.0,8a30c3af0757fff
2021-07-31 02:11:52,34.852875,128.797211,0.1,346.0,6.0,8a30c3af0757fff
2021-07-31 02:21:33,34.852848,128.797333,0.0,80.0,6.0,8a30c3af0757fff
2021-07-31 02:23:53,34.852898,128.797409,0.0,3.0,6.0,8a30c3af0757fff
2021-07-31 02:39:33,34.852924,128.797394,0.0,3.0,6.0,8a30c3af0757fff
2021-07-31 02:41:51,34.852901,128.797409,0.0,152.0,6.0,8a30c3af0757fff
2021-07-31 02:47:54,34.852894,128.79744,0.1,287.0,6.0,8a30c3af0757fff
2021-07-31 02:54:33,34.852886,128.797424,0.0,336.0,6.0,8a30c3af0757fff
2021-07-31 02:59:53,34.852871,128.797363,0.0,209.0,6.0,8a30c3af0757fff
2021-07-31 03:02:53,34.852886,128.797348,0.0,124.0,6.0,8a30c3af0757fff
2021-07-31 03:05:54,34.852921,128.797424,0.0,41.0,6.0,8a30c3af0757fff
2021-07-31 03:09:33,34.852909,128.79744,0.1,203.0,6.0,8a30c3af0757fff
2021-07-31 03:14:52,34.852852,128.797379,0.0,236.0,6.0,8a30c3af0757fff
2021-07-31 03:23:53,34.852871,128.797394,0.0,84.0,6.0,8a30c3af0757fff
2021-07-31 03:26:54,34.852875,128.797424,0.0,318.0,6.0,8a30c3af0757fff
2021-07-31 03:38:53,34.852867,128.79744,0.0,189.0,6.0,8a30c3af0757fff
2021-07-31 03:47:52,34.852921,128.797501,0.0,178.0,6.0,8a30c3af0757fff
2021-07-31 03:53:53,34.852844,128.797745,0.1,124.0,6.0,8a30c3af0757fff
2021-07-31 04:05:54,34.852741,128.798035,0.1,122.0,6.0,8a30c3af075ffff
2021-07-31 04:08:52,34.852722,128.798172,0.0,93.0,6.0,8a30c3af075ffff
2021-07-31 04:17:51,34.852776,128.79805,0.1,22.0,6.0,8a30c3af075ffff
2021-07-31 04:23:51,34.852734,128.798111,0.1,319.9,6.0,8a30c3af075ffff
2021-07-31 04:29:51,34.852783,128.798004,0.1,293.1,6.0,8a30c3af075ffff
2021-07-31 04:44:51,34.852764,128.798019,0.1,349.6,6.0,8a30c3af075ffff
2021-07-31 04:56:52,34.852798,128.798004,0.1,352.0,6.0,8a30c3af075ffff
2021-07-31 05:09:54,34.852779,128.797989,0.0,79.0,6.0,8a30c3af075ffff
2021-07-31 05:10:54,34.852768,128.797989,0.1,25.0,6.0,8a30c3af075ffff
2021-07-31 05:20:52,34.852699,128.798004,0.0,120.0,6.0,8a30c3af075ffff
2021-07-31 05:24:54,34.852612,128.798096,0.1,102.0,6.0,8a30c3af075ffff
2021-07-31 05:32:52,34.852692,128.798065,0.0,260.0,6.0,8a30c3af075ffff
2021-07-31 05:35:53,34.852715,128.798065,0.0,75.0,6.0,8a30c3af075ffff
2021-07-31 05:47:51,34.852669,128.798065,0.0,287.8,6.0,8a30c3af075ffff
2021-07-31 05:53:52,34.852695,128.798111,0.0,276.0,6.0,8a30c3af075ffff
2021-07-31 06:05:51,34.852554,128.798172,0.0,171.8,6.0,8a30c3af075ffff
2021-07-31 06:15:54,34.852249,128.798431,0.0,297.0,6.0,8a30c3af075ffff
2021-07-31 06:20:51,34.852364,128.798355,0.1,270.2,6.0,8a30c3af075ffff
2021-07-31 06:26:53,34.852432,128.798218,0.1,350.0,6.0,8a30c3af075ffff
2021-07-31 06:29:52,34.852619,128.798325,0.1,45.0,6.0,8a30c3af075ffff
2021-07-31 06:33:55,34.852562,128.79837,0.2,182.0,6.0,8a30c3af075ffff
2021-07-31 06:38:51,34.852322,128.798264,0.0,182.4,6.0,8a30c3af075ffff
2021-07-31 06:41:51,34.852386,128.798355,0.2,356.9,6.0,8a30c3af075ffff
2021-07-31 06:47:51,34.852524,128.798248,0.0,238.5,6.0,8a30c3af075ffff
2021-07-31 06:59:51,34.852489,128.798203,0.1,57.2,6.0,8a30c3af075ffff
2021-07-31 07:17:51,34.852467,128.798203,0.1,320.0,6.0,8a30c3af075ffff
2021-07-31 07:35:51,34.852428,128.798157,0.2,143.7,6.0,8a30c3af075ffff
2021-07-31 07:47:51,34.852455,128.798233,0.0,200.6,6.0,8a30c3af075ffff
2021-07-31 07:53:51,34.852367,128.798218,0.1,171.2,6.0,8a30c3af075ffff
2021-07-31 07:59:51,34.852386,128.798233,0.0,207.4,6.0,8a30c3af075ffff
2021-07-31 08:05:51,34.852341,128.798248,0.1,239.3,6.0,8a30c3af075ffff
2021-07-31 08:17:52,34.852516,128.798203,0.1,338.0,6.0,8a30c3af075ffff
2021-07-31 08:23:51,34.852516,128.798126,0.1,218.5,6.0,8a30c3af075ffff
2021-07-31 08:29:51,34.852444,128.798096,0.0,164.9,6.0,8a30c3af075ffff
2021-07-31 08:35:51,34.852306,128.798187,0.1,148.6,6.0,8a30c3af075ffff
2021-07-31 08:41:51,34.852097,128.798294,0.1,165.0,6.0,8a30c3af062ffff
2021-07-31 08:50:51,34.851749,128.798248,0.3,212.8,6.0,8a30c3af062ffff
2021-07-31 08:56:51,34.851604,128.798126,0.1,234.4,6.0,8a30c3af062ffff
2021-07-31 09:02:51,34.851521,128.798019,0.1,217.3,6.0,8a30c3af062ffff
2021-07-31 09:08:51,34.85144,128.797775,0.2,220.7,6.0,8a30c3af062ffff
2021-07-31 09:11:51,34.851406,128.797592,0.1,231.0,6.0,8a30c3af062ffff
2021-07-31 09:18:55,34.851372,128.797287,0.2,238.0,6.0,8a30c3af0607fff
2021-07-31 09:20:53,34.851353,128.797089,0.1,252.0,6.0,8a30c3af0607fff
2021-07-31 09:26:53,34.851402,128.796738,0.0,277.0,6.0,8a30c3af0607fff
2021-07-31 09:33:55,34.851521,128.796555,0.0,278.0,6.0,8a30c3af0627fff
2021-07-31 09:44:52,34.851627,128.796341,0.1,203.0,6.0,8a30c3af0627fff
2021-07-31 09:53:50,34.851578,128.796402,0.1,174.0,6.0,8a30c3af0627fff
2021-07-31 09:59:53,34.851597,128.796417,0.0,105.0,6.0,8a30c3af0627fff
2021-07-31 10:05:51,34.851673,128.796478,0.1,353.4,6.0,8a30c3af0627fff
2021-07-31 10:17:53,34.851738,128.796356,0.0,38.0,6.0,8a30c3af0627fff
2021-07-31 10:20:53,34.851784,128.796356,0.1,246.0,6.0,8a30c3af0627fff
2021-07-31 10:23:53,34.851784,128.796249,0.0,352.0,6.0,8a30c3af0627fff
2021-07-31 10:29:51,34.851925,128.796326,0.1,37.3,6.0,8a30c3af0627fff
2021-07-31 10:42:55,34.85207,128.796371,0.2,53.0,6.0,8a30c3af0627fff
2021-07-31 10:44:53,34.852161,128.796463,0.0,84.0,6.0,8a30c3af0627fff
2021-07-31 10:50:53,34.85228,128.796524,0.1,16.0,6.0,8a30c3af0627fff
2021-07-31 11:00:55,34.852489,128.796661,0.0,1.0,6.0,8a30c3af0757fff
2021-07-31 11:02:53,34.852509,128.796616,0.0,211.0,6.0,8a30c3af0757fff
2021-07-31 11:11:51,34.852554,128.796844,0.1,71.2,6.0,8a30c3af0757fff
2021-07-31 11:20:53,34.852623,128.797073,0.2,107.0,6.0,8a30c3af0757fff
2021-07-31 11:29:53,34.852638,128.797302,0.0,64.0,6.0,8a30c3af0757fff
2021-07-31 11:32:54,34.852642,128.797333,0.0,176.0,6.0,8a30c3af0757fff
2021-07-31 11:38:53,34.852596,128.797256,0.0,206.0,6.0,8a30c3af0757fff
2021-07-31 11:50:54,34.852573,128.797226,0.0,137.0,6.0,8a30c3af0757fff
2021-07-31 12:17:53,34.852715,128.796844,0.1,331.0,6.0,8a30c3af0757fff
2021-07-31 12:26:52,34.852757,128.797165,0.0,35.0,6.0,8a30c3af0757fff
2021-07-31 12:41:54,34.852654,128.796814,0.0,267.0,6.0,8a30c3af0757fff
2021-07-31 12:47:53,34.852699,128.796768,0.0,145.0,6.0,8a30c3af0757fff
2021-07-31 12:50:53,34.852657,128.796799,0.1,77.0,6.0,8a30c3af0757fff
2021-07-31 13:02:53,34.852749,128.797012,0.1,106.0,6.0,8a30c3af0757fff
2021-07-31 13:11:53,34.852798,128.797058,0.0,298.0,6.0,8a30c3af0757fff
2021-07-31 13:20:52,34.852798,128.797104,0.1,71.0,6.0,8a30c3af0757fff
2021-07-31 13:26:54,34.85281,128.797211,0.1,356.0,6.0,8a30c3af0757fff
2021-07-31 13:32:52,34.852886,128.797241,0.0,356.0,6.0,8a30c3af0757fff
2021-07-31 13:53:53,34.852966,128.797638,0.2,1.0,6.0,8a30c3af0757fff
2021-07-31 14:11:53,34.852917,128.797668,0.2,209.0,6.0,8a30c3af0757fff
2021-07-31 14:14:51,34.852901,128.797668,0.0,9.0,6.0,8a30c3af0757fff
2021-07-31 14:29:53,34.852959,128.79776,0.1,141.0,6.0,8a30c3af0757fff
2021-07-31 14:32:53,34.852917,128.797775,0.1,250.0,6.0,8a30c3af0757fff
2021-07-31 14:42:01,34.852947,128.79776,0.0,151.0,6.0,8a30c3af0757fff
2021-07-31 14:54:54,34.852917,128.797775,0.2,44.0,6.0,8a30c3af0757fff
2021-07-31 14:56:53,34.852901,128.797867,0.0,194.0,6.0,8a30c3af0757fff
2021-07-31 15:11:51,34.852901,128.797958,0.0,62.7,6.0,8a30c3af075ffff
2021-07-31 15:20:52,34.852894,128.797882,0.0,3.0,6.0,8a30c3af0757fff
2021-07-31 15:35:51,34.852879,128.797897,0.0,37.0,6.0,8a30c3af0757fff
2021-07-31 15:41:53,34.852879,128.797928,0.1,157.0,6.0,8a30c3af0757fff
2021-07-31 15:56:54,34.852867,128.797958,0.0,163.0,6.0,8a30c3af075ffff
2021-07-31 16:05:51,34.852699,128.798187,0.0,315.1,6.0,8a30c3af075ffff
2021-07-31 16:11:51,34.852722,128.798218,0.1,66.5,6.0,8a30c3af075ffff
2021-07-31 16:23:53,34.852661,128.798309,0.0,130.0,6.0,8a30c3af075ffff
2021-07-31 16:29:51,34.85257,128.79834,0.1,125.7,6.0,8a30c3af075ffff
2021-07-31 16:35:51,34.852589,128.798386,0.1,336.5,6.0,8a30c3af075ffff
2021-07-31 16:41:54,34.852531,128.798401,0.0,148.0,6.0,8a30c3af075ffff
2021-07-31 16:53:51,34.852314,128.798477,0.1,85.0,6.0,8a30c3af075ffff
2021-07-31 16:56:51,34.85236,128.798508,0.0,347.0,6.0,8a30c3af075ffff
2021-07-31 17:05:51,34.852409,128.798447,0.0,70.3,6.0,8a30c3af075ffff
2021-07-31 17:11:51,34.852467,128.79837,0.0,290.6,6.0,8a30c3af075ffff
2021-07-31 17:20:53,34.852482,128.798416,0.1,124.0,6.0,8a30c3af075ffff
2021-07-31 17:23:50,34.852448,128.798416,0.1,108.4,6.0,8a30c3af075ffff
2021-07-31 17:26:51,34.852444,128.798538,0.0,40.5,6.0,8a30c3af075ffff
2021-07-31 17:32:51,34.85228,128.798492,0.0,162.1,6.0,8a30c3af075ffff
2021-07-31 17:38:53,34.852234,128.798553,0.1,165.0,6.0,8a30c3af075ffff
2021-07-31 17:44:54,34.85223,128.798508,0.0,266.0,6.0,8a30c3af075ffff
2021-07-31 17:47:51,34.85228,128.798523,0.1,65.0,6.0,8a30c3af075ffff
2021-07-31 17:50:50,34.852379,128.798615,0.1,244.8,6.0,8a30c3af075ffff
2021-07-31 17:56:51,34.85239,128.798538,0.3,72.7,6.0,8a30c3af075ffff
2021-07-31 18:02:51,34.852291,128.798492,0.0,178.4,6.0,8a30c3af075ffff
2021-07-31 18:05:51,34.852291,128.798584,0.2,70.0,6.0,8a30c3af075ffff
2021-07-31 18:11:51,34.852394,128.798492,0.3,233.1,6.0,8a30c3af075ffff
2021-07-31 18:20:51,34.852356,128.798645,0.1,33.4,6.0,8a30c3af075ffff
2021-07-31 18:32:53,34.852432,128.798615,0.1,240.0,6.0,8a30c3af075ffff
2021-07-31 18:41:53,34.852463,128.798569,0.0,281.0,6.0,8a30c3af075ffff
2021-07-31 18:47:54,34.852402,128.798492,0.1,221.0,6.0,8a30c3af075ffff
2021-07-31 18:59:53,34.852356,128.798477,0.1,127.0,6.0,8a30c3af075ffff
2021-07-31 19:14:50,34.852417,128.798553,0.0,285.8,6.0,8a30c3af075ffff
2021-07-31 19:23:53,34.85239,128.798553,0.0,108.0,6.0,8a30c3af075ffff
2021-07-31 19:32:53,34.852314,128.798508,0.0,65.0,6.0,8a30c3af075ffff
2021-07-31 19:38:52,34.852322,128.798538,0.0,320.0,6.0,8a30c3af075ffff
2021-07-31 19:41:53,34.852383,128.798477,0.0,313.0,6.0,8a30c3af075ffff
2021-07-31 19:47:51,34.852486,128.798477,0.0,104.7,6.0,8a30c3af075ffff
2021-07-31 19:53:51,34.852501,128.798416,0.0,314.6,6.0,8a30c3af075ffff
2021-07-31 19:59:51,34.852489,128.798492,0.0,233.5,6.0,8a30c3af075ffff
2021-07-31 20:05:51,34.852493,128.798477,0.0,26.8,6.0,8a30c3af075ffff
2021-07-31 20:11:51,34.852509,128.798447,0.0,187.5,6.0,8a30c3af075ffff
2021-07-31 20:20:54,34.852398,128.798569,0.0,109.0,6.0,8a30c3af075ffff
2021-07-31 20:32:54,34.852386,128.798462,0.0,134.0,6.0,8a30c3af075ffff
2021-07-31 20:38:53,34.852356,128.798508,0.0,117.0,6.0,8a30c3af075ffff
2021-07-31 20:47:51,34.852406,128.798538,0.0,156.1,6.0,8a30c3af075ffff
2021-07-31 20:59:51,34.852428,128.798508,0.0,247.0,6.0,8a30c3af075ffff
2021-07-31 21:08:54,34.85252,128.798294,0.1,44.0,6.0,8a30c3af075ffff
2021-07-31 21:17:51,34.852482,128.79837,0.0,179.9,6.0,8a30c3af075ffff
2021-07-31 21:23:51,34.852543,128.79837,0.1,320.8,6.0,8a30c3af075ffff
2021-07-31 21:29:51,34.852577,128.798279,0.1,212.6,6.0,8a30c3af075ffff
2021-07-31 21:35:51,34.852463,128.798264,0.0,70.9,6.0,8a30c3af075ffff
2021-07-31 21:41:51,34.852562,128.798325,0.0,82.7,6.0,8a30c3af075ffff
2021-07-31 21:59:51,34.852554,128.798172,0.1,140.0,6.0,8a30c3af075ffff
2021-07-31 22:11:51,34.852516,128.798187,0.0,278.6,6.0,8a30c3af075ffff
2021-07-31 22:26:53,34.852566,128.798141,0.0,284.0,6.0,8a30c3af075ffff
2021-07-31 22:35:51,34.852459,128.798203,0.0,83.0,6.0,8a30c3af075ffff
2021-07-31 22:41:51,34.852444,128.798264,0.0,313.4,6.0,8a30c3af075ffff
2021-07-31 22:53:51,34.852463,128.798172,0.1,295.8,6.0,8a30c3af075ffff
2021-07-31 22:59:53,34.852489,128.79808,0.1,329.0,6.0,8a30c3af075ffff
2021-07-31 23:11:53,34.852524,128.797913,0.0,299.0,6.0,8a30c3af075ffff
2021-07-31 23:23:53,34.852619,128.797775,0.1,291.0,6.0,8a30c3af0757fff
2021-07-31 23:26:53,34.852623,128.797699,0.1,279.0,6.0,8a30c3af0757fff
2021-07-31 23:32:52,34.852619,128.797409,0.2,242.0,6.0,8a30c3af0757fff
2021-07-31 23:38:53,34.852482,128.797043,0.1,253.0,6.0,8a30c3af0757fff
2021-07-31 23:41:53,34.852421,128.79689,0.1,223.0,6.0,8a30c3af0757fff
2021-07-31 23:50:54,34.852314,128.796906,0.1,291.0,6.0,8a30c3af0757fff
2021-07-31 23:53:51,34.852314,128.796829,0.0,295.5,6.0,8a30c3af0627fff
2021-08-01 00:08:54,34.852234,128.796722,0.1,271.0,6.0,8a30c3af0627fff
2021-08-01 00:11:52,34.852249,128.796738,0.1,28.0,6.0,8a30c3af0627fff
2021-08-01 00:26:54,34.852379,128.796738,0.0,257.0,6.0,8a30c3af0757fff
2021-08-01 00:32:53,34.852406,128.796844,0.0,33.0,6.0,8a30c3af0757fff
2021-08-01 00:35:53,34.852402,128.796844,0.0,263.0,6.0,8a30c3af0757fff
2021-08-01 00:50:53,34.852337,128.796829,0.0,125.0,6.0,8a30c3af0757fff
2021-08-01 00:56:53,34.85244,128.796921,0.0,26.0,6.0,8a30c3af0757fff
2021-08-01 00:59:53,34.852535,128.796936,0.1,2.0,6.0,8a30c3af0757fff
2021-08-01 01:08:53,34.852543,128.796951,0.1,39.0,6.0,8a30c3af0757fff
2021-08-01 01:14:53,34.852543,128.796951,0.1,63.0,6.0,8a30c3af0757fff
2021-08-01 01:17:53,34.852566,128.796951,0.1,32.0,6.0,8a30c3af0757fff
2021-08-01 01:20:54,34.852592,128.797028,0.0,56.0,6.0,8a30c3af0757fff
2021-08-01 01:32:53,34.852627,128.797089,0.0,71.0,6.0,8a30c3af0757fff
2021-08-01 01:44:52,34.85265,128.79715,0.0,345.0,6.0,8a30c3af0757fff
2021-08-01 01:50:53,34.852684,128.797165,0.0,116.0,6.0,8a30c3af0757fff
2021-08-01 01:59:51,34.852619,128.797043,0.0,256.3,6.0,8a30c3af0757fff
2021-08-01 02:14:52,34.852642,128.797058,0.0,276.0,6.0,8a30c3af0757fff
2021-08-01 02:20:52,34.852634,128.797165,0.1,91.0,6.0,8a30c3af0757fff
2021-08-01 02:32:52,34.852684,128.797562,0.1,347.0,6.0,8a30c3af0757fff
2021-08-01 02:44:52,34.852676,128.797791,0.0,63.0,6.0,8a30c3af0757fff
2021-08-01 02:50:52,34.852692,128.797913,0.0,47.0,6.0,8a30c3af075ffff
2021-08-01 02:53:53,34.852703,128.798004,0.0,74.0,6.0,8a30c3af075ffff
2021-08-01 02:56:53,34.852734,128.798035,0.0,325.0,6.0,8a30c3af075ffff
2021-08-01 02:59:53,34.852768,128.797943,0.1,291.0,6.0,8a30c3af075ffff
2021-08-01 03:02:53,34.852776,128.797913,0.1,337.0,6.0,8a30c3af0757fff
2021-08-01 03:14:53,34.852814,128.797943,0.0,254.0,6.0,8a30c3af075ffff
2021-08-01 03:20:54,34.852798,128.797943,0.0,213.0,6.0,8a30c3af075ffff
2021-08-01 03:26:52,34.852764,128.798019,0.0,209.0,6.0,8a30c3af075ffff
2021-08-01 03:35:50,34.852757,128.79805,0.0,239.7,6.0,8a30c3af075ffff
2021-08-01 03:50:52,34.852711,128.798096,0.0,202.0,6.0,8a30c3af075ffff
2021-08-01 03:53:51,34.852722,128.798004,0.2,308.7,6.0,8a30c3af075ffff
2021-08-01 04:14:51,34.852734,128.798141,0.0,34.5,6.0,8a30c3af075ffff
2021-08-01 04:23:51,34.852692,128.798279,0.0,265.5,6.0,8a30c3af075ffff
2021-08-01 04:29:51,34.852695,128.798141,0.0,36.1,6.0,8a30c3af075ffff
2021-08-01 04:35:53,34.852684,128.798141,0.0,277.0,6.0,8a30c3af075ffff
2021-08-01 04:47:51,34.852604,128.798187,0.0,204.8,6.0,8a30c3af075ffff
2021-08-01 04:53:53,34.852684,128.798065,0.1,356.0,6.0,8a30c3af075ffff
2021-08-01 04:56:53,34.852711,128.79808,0.1,61.0,6.0,8a30c3af075ffff
2021-08-01 05:11:51,34.852661,128.798096,0.0,81.6,6.0,8a30c3af075ffff
2021-08-01 05:20:53,34.852646,128.798141,0.0,212.0,6.0,8a30c3af075ffff
2021-08-01 05:26:53,34.852592,128.79808,0.0,106.0,6.0,8a30c3af075ffff
2021-08-01 05:35:53,34.852535,128.798141,0.0,50.0,6.0,8a30c3af075ffff
2021-08-01 05:50:51,34.852554,128.798187,0.0,314.6,6.0,8a30c3af075ffff
2021-08-01 05:56:51,34.852558,128.798065,0.0,302.9,6.0,8a30c3af075ffff
2021-08-01 06:02:54,34.852524,128.798035,0.0,109.0,6.0,8a30c3af075ffff
2021-08-01 06:05:53,34.852596,128.798065,0.0,333.0,6.0,8a30c3af075ffff
2021-08-01 06:11:51,34.852573,128.798065,0.0,183.8,6.0,8a30c3af075ffff
2021-08-01 06:23:51,34.852623,128.798035,0.0,246.2,6.0,8a30c3af075ffff
2021-08-01 06:29:51,34.852589,128.797882,0.0,268.9,6.0,8a30c3af075ffff
2021-08-01 06:38:53,34.852634,128.797867,0.0,198.0,6.0,8a30c3af0757fff
2021-08-01 06:47:53,34.852638,128.797821,0.0,281.0,6.0,8a30c3af0757fff
2021-08-01 06:50:53,34.852619,128.797775,0.0,260.0,6.0,8a30c3af0757fff
2021-08-01 06:59:51,34.852615,128.797791,0.0,249.5,6.0,8a30c3af0757fff
2021-08-01 07:11:51,34.852585,128.797897,0.0,138.1,6.0,8a30c3af075ffff
2021-08-01 07:17:51,34.852608,128.797867,0.0,228.6,6.0,8a30c3af0757fff
2021-08-01 07:23:52,34.852638,128.797897,0.0,41.0,6.0,8a30c3af075ffff
2021-08-01 07:26:53,34.852669,128.797882,0.1,207.0,6.0,8a30c3af0757fff
2021-08-01 07:47:51,34.852535,128.797852,0.0,160.3,6.0,8a30c3af0757fff
2021-08-01 07:59:51,34.852554,128.797882,0.0,239.9,6.0,8a30c3af075ffff
2021-08-01 08:05:53,34.852509,128.797806,0.0,235.0,6.0,8a30c3af0757fff
2021-08-01 08:08:53,34.852535,128.79776,0.0,256.0,6.0,8a30c3af0757fff
2021-08-01 08:26:54,34.852573,128.797668,0.1,184.0,6.0,8a30c3af0757fff
2021-08-01 08:40:57,34.852062,128.798141,0.5,80.7,6.0,8a30c3af062ffff
2021-08-01 08:45:01,34.851822,128.79808,0.6,278.4,6.0,8a30c3af062ffff
2021-08-01 08:50:16,34.853539,128.79837,2.7,28.5,6.0,8a30c3af0747fff
2021-08-01 08:55:07,34.859058,128.802032,6.1,29.6,6.0,8a30c3af0377fff
2021-08-01 09:02:17,34.871479,128.809799,7.4,20.1,6.0,8a30c3af5287fff
2021-08-01 09:05:46,34.878597,128.812515,7.8,17.9,6.0,8a30c3ae2db7fff
2021-08-01 09:11:06,34.889301,128.818512,7.8,26.4,6.0,8a30c3ae62a7fff
2021-08-01 09:15:37,34.89901,128.819214,7.8,356.6,6.0,8a30c3ae6a67fff
2021-08-01 09:20:18,34.909271,128.818314,7.6,356.2,6.0,8a30c3ae4027fff
2021-08-01 09:26:27,34.921463,128.821136,7.0,31.7,6.0,8a30c3a0b427fff
2021-08-01 09:30:28,34.928291,128.826233,7.1,31.3,6.0,8a30c3a0b12ffff
2021-08-01 09:35:28,34.936893,128.832687,7.2,32.7,6.0,8a30c3a094effff
2021-08-01 09:40:13,34.944912,128.838242,6.3,8.3,6.0,8a30c3a09067fff
2021-08-01 09:46:16,34.954689,128.832275,7.0,330.8,6.0,8a30c3a0d2effff
2021-08-01 09:50:16,34.962181,128.827301,8.1,330.9,6.0,8a30c3a0da77fff
2021-08-01 09:55:17,34.972843,128.819748,9.0,328.2,6.0,8a30c3a76c1ffff
2021-08-01 10:06:27,35.000214,128.802979,10.6,339.0,6.0,8a30c3a2d327fff
2021-08-01 10:10:27,35.011440500000006,128.7976685,11.05,339.0,6.0,8a30c3b5e50ffff
2021-08-01 10:16:59,35.029274,128.785828,11.3,306.0,6.0,8a30c3b51137fff
2021-08-01 10:20:18,35.034119,128.774612,11.5,293.0,6.0,8a30c3b55637fff
2021-08-01 10:28:20,35.044506,128.745621,11.6,291.0,6.0,8a30c3b54967fff
2021-08-01 10:33:28,35.049969,128.726456,11.5,281.0,6.0,8a30c3b72c67fff
2021-08-01 10:41:40,35.050423,128.693756,11.9,270.0,6.0,8a30c3b2b71ffff
2021-08-01 10:42:10,35.0504,128.691742,12.0,269.0,6.0,8a30c3b2b44ffff
2021-08-01 10:45:29,35.050177000000005,128.678177,12.1,268.0,6.0,8a30c3b2a20ffff
2021-08-01 10:46:44,35.049713,128.672897,12.0,258.0,6.0,8a30c3b2a3b7fff
2021-08-01 10:53:39,35.039131,128.649002,11.7,238.0,6.0,8a30c3b056e7fff
2021-08-01 10:57:50,35.032066,128.634888,11.7,238.0,6.0,8a30c3b008dffff
2021-08-01 11:02:19,35.024803,128.619385,11.6,245.0,6.0,8a30c3b06227fff
2021-08-01 11:04:38,35.021759,128.610931,11.6,247.0,6.0,8a30c3b0608ffff
2021-08-01 11:15:09,35.009342,128.572021,11.7,252.0,6.0,8a30c3b14917fff
2021-08-01 11:17:47,35.006504,128.562103,11.7,251.0,6.0,8a30c3849b6ffff
2021-08-01 11:27:47,34.994675,128.525238,11.6,247.0,6.0,8a30c3848c6ffff
2021-08-01 11:35:29,34.984219,128.497406,11.8,242.0,6.0,8a30c384e507fff
2021-08-01 11:40:59,34.975231,128.479233,11.0,234.0,6.0,8a30c385cb67fff
2021-08-01 11:46:28,34.966297,128.465424,8.5,231.0,6.0,8a30c385cc57fff
2021-08-01 11:47:47,34.964424,128.462494,8.3,233.0,6.0,8a30c385ccaffff
2021-08-01 11:54:50,34.955769,128.447098,7.1,240.0,6.0,8a30c385144ffff
